date,PP1,PP1_updated_date,PP2,PP2_updated_date
2022-01-01,False,2021-12-31T16:44:50+01:00,False,2021-12-31T16:44:50+01:00
2022-01-02,False,2022-01-01T16:42:59+01:00,False,2022-01-01T16:42:59+01:00
2022-01-03,False,2022-01-02T16:42:44+01:00,False,2022-01-02T16:42:44+01:00
2022-01-04,False,2022-01-03T16:43:04+01:00,False,2022-01-03T16:43:04+01:00
2022-01-05,False,2022-01-04T16:43:38+01:00,False,2022-01-04T16:43:38+01:00
2022-01-06,False,2022-01-05T16:43:27+01:00,False,2022-01-05T16:43:27+01:00
2022-01-07,False,2022-01-06T16:45:01+01:00,False,2022-01-06T16:45:01+01:00
2022-01-08,False,2022-01-07T16:45:00+01:00,False,2022-01-07T16:45:00+01:00
2022-01-09,False,2022-01-08T16:44:01+01:00,False,2022-01-08T16:44:01+01:00
2022-01-10,False,2022-01-09T16:43:38+01:00,False,2022-01-09T16:43:38+01:00
2022-01-11,False,2022-01-10T16:44:33+01:00,False,2022-01-10T16:44:33+01:00
2022-01-12,True,2022-01-11T06:20:09+01:00,True,2022-01-11T06:20:09+01:00
2022-01-13,True,2022-01-12T06:18:07+01:00,True,2022-01-12T06:18:07+01:00
2022-01-14,True,2022-01-13T06:20:11+01:00,True,2022-01-13T06:20:11+01:00
2022-01-15,False,2022-01-14T16:44:24+01:00,False,2022-01-14T16:44:24+01:00
2022-01-16,False,2022-01-15T16:44:19+01:00,False,2022-01-15T16:44:19+01:00
2022-01-17,True,2022-01-16T06:22:10+01:00,True,2022-01-16T06:22:10+01:00
2022-01-18,True,2022-01-17T06:17:48+01:00,True,2022-01-17T06:17:48+01:00
2022-01-19,True,2022-01-18T06:17:48+01:00,True,2022-01-18T06:17:48+01:00
2022-01-20,False,2022-01-19T16:44:36+01:00,False,2022-01-19T16:44:36+01:00
2022-01-21,False,2022-01-20T16:42:48+01:00,False,2022-01-20T16:42:48+01:00
2022-01-22,False,2022-01-21T16:43:35+01:00,False,2022-01-21T16:43:35+01:00
2022-01-23,False,2022-01-22T16:44:15+01:00,False,2022-01-22T16:44:15+01:00
2022-01-24,False,2022-01-23T16:43:47+01:00,False,2022-01-23T16:43:47+01:00
2022-01-25,True,2022-01-24T06:18:41+01:00,True,2022-01-24T06:18:41+01:00
2022-01-26,True,2022-01-25T06:18:15+01:00,True,2022-01-25T06:18:15+01:00
2022-01-27,True,2022-01-26T06:18:11+01:00,True,2022-01-26T06:18:11+01:00
2022-01-28,False,2022-01-27T16:43:49+01:00,False,2022-01-27T16:43:49+01:00
2022-01-29,False,2022-01-28T16:44:09+01:00,False,2022-01-28T16:44:09+01:00
2022-01-30,False,2022-01-29T16:44:53+01:00,False,2022-01-29T16:44:53+01:00
2022-01-31,False,2022-01-30T16:44:34+01:00,False,2022-01-30T16:44:34+01:00
2022-02-01,False,2022-01-31T16:43:24+01:00,False,2022-01-31T16:43:24+01:00
2022-02-02,False,2022-02-01T16:44:42+01:00,False,2022-02-01T16:44:42+01:00
2022-02-03,False,2022-02-02T16:44:18+01:00,False,2022-02-02T16:44:18+01:00
2022-02-04,False,2022-02-03T16:44:41+01:00,False,2022-02-03T16:44:41+01:00
2022-02-05,False,2022-02-04T16:44:25+01:00,False,2022-02-04T16:44:25+01:00
2022-02-06,False,2022-02-05T16:43:50+01:00,False,2022-02-05T16:43:50+01:00
2022-02-07,False,2022-02-06T16:43:35+01:00,False,2022-02-06T16:43:35+01:00
2022-02-08,False,2022-02-07T16:44:42+01:00,False,2022-02-07T16:44:42+01:00
2022-02-09,False,2022-02-08T16:44:01+01:00,False,2022-02-08T16:44:01+01:00
2022-02-10,False,2022-02-09T16:44:51+01:00,False,2022-02-09T16:44:51+01:00
2022-02-11,False,2022-02-10T16:44:34+01:00,False,2022-02-10T16:44:34+01:00
2022-02-12,False,2022-02-11T16:44:00+01:00,False,2022-02-11T16:44:00+01:00
2022-02-13,False,2022-02-12T16:43:38+01:00,False,2022-02-12T16:43:38+01:00
2022-02-14,False,2022-02-13T16:44:20+01:00,False,2022-02-13T16:44:20+01:00
2022-02-15,False,2022-02-14T16:44:10+01:00,False,2022-02-14T16:44:10+01:00
2022-02-16,False,2022-02-15T16:43:57+01:00,False,2022-02-15T16:43:57+01:00
2022-02-17,False,2022-02-16T16:45:00+01:00,False,2022-02-16T16:45:00+01:00
2022-02-18,False,2022-02-17T16:43:43+01:00,False,2022-02-17T16:43:43+01:00
2022-02-19,False,2022-02-18T16:43:46+01:00,False,2022-02-18T16:43:46+01:00
2022-02-20,False,2022-02-19T16:43:07+01:00,False,2022-02-19T16:43:07+01:00
2022-02-21,False,2022-02-20T16:42:58+01:00,False,2022-02-20T16:42:58+01:00
2022-02-22,False,2022-02-21T16:43:16+01:00,False,2022-02-21T16:43:16+01:00
2022-02-23,False,2022-02-22T16:42:51+01:00,False,2022-02-22T16:42:51+01:00
2022-02-24,False,2022-02-23T16:43:00+01:00,False,2022-02-23T16:43:00+01:00
2022-02-25,False,2022-02-24T16:44:32+01:00,False,2022-02-24T16:44:32+01:00
2022-02-26,False,2022-02-25T16:45:10+01:00,False,2022-02-25T16:45:10+01:00
2022-02-27,False,2022-02-26T16:44:47+01:00,False,2022-02-26T16:44:47+01:00
2022-02-28,False,2022-02-27T16:43:57+01:00,False,2022-02-27T16:43:57+01:00
2022-03-01,False,2022-02-28T16:45:01+01:00,False,2022-02-28T16:45:01+01:00
2022-03-02,False,2022-03-01T16:43:04+01:00,False,2022-03-01T16:43:04+01:00
2022-03-03,False,2022-03-02T16:44:28+01:00,False,2022-03-02T16:44:28+01:00
2022-03-04,False,2022-03-03T16:42:45+01:00,False,2022-03-03T16:42:45+01:00
2022-03-05,False,2022-03-04T16:43:47+01:00,False,2022-03-04T16:43:47+01:00
2022-03-06,False,2022-03-05T16:44:05+01:00,False,2022-03-05T16:44:05+01:00
2022-03-07,True,2022-03-06T06:20:09+01:00,True,2022-03-06T06:20:09+01:00
2022-03-08,True,2022-03-07T06:18:42+01:00,True,2022-03-07T06:18:42+01:00
2022-03-09,False,2022-03-08T16:42:55+01:00,False,2022-03-08T16:42:55+01:00
2022-03-10,False,2022-03-09T16:42:58+01:00,False,2022-03-09T16:42:58+01:00
2022-03-11,False,2022-03-10T16:42:49+01:00,False,2022-03-10T16:42:49+01:00
2022-03-12,False,2022-03-11T16:44:27+01:00,False,2022-03-11T16:44:27+01:00
2022-03-13,False,2022-03-12T16:44:43+01:00,False,2022-03-12T16:44:43+01:00
2022-03-14,False,2022-03-13T16:44:22+01:00,False,2022-03-13T16:44:22+01:00
2022-03-15,False,2022-03-14T16:42:58+01:00,False,2022-03-14T16:42:58+01:00
2022-03-16,False,2022-03-15T16:43:47+01:00,False,2022-03-15T16:43:47+01:00
2022-03-17,False,2022-03-16T16:42:47+01:00,False,2022-03-16T16:42:47+01:00
2022-03-18,False,2022-03-17T16:44:21+01:00,False,2022-03-17T16:44:21+01:00
2022-03-19,False,2022-03-18T16:44:53+01:00,False,2022-03-18T16:44:53+01:00
2022-03-20,False,2022-03-19T16:42:47+01:00,False,2022-03-19T16:42:47+01:00
2022-03-21,False,2022-03-20T16:44:22+01:00,False,2022-03-20T16:44:22+01:00
2022-03-22,False,2022-03-21T16:43:15+01:00,False,2022-03-21T16:43:15+01:00
2022-03-23,False,2022-03-22T16:43:32+01:00,False,2022-03-22T16:43:32+01:00
2022-03-24,False,2022-03-23T16:43:08+01:00,False,2022-03-23T16:43:08+01:00
2022-03-25,False,2022-03-24T16:42:54+01:00,False,2022-03-24T16:42:54+01:00
2022-03-26,False,2022-03-25T16:43:20+01:00,False,2022-03-25T16:43:20+01:00
2022-03-27,False,2022-03-26T16:43:18+01:00,False,2022-03-26T16:43:18+01:00
2022-03-28,False,2022-03-27T16:44:11+02:00,False,2022-03-27T16:44:11+02:00
2022-03-29,False,2022-03-28T16:44:47+02:00,False,2022-03-28T16:44:47+02:00
2022-03-30,False,2022-03-29T16:43:40+02:00,False,2022-03-29T16:43:40+02:00
2022-03-31,False,2022-03-30T16:42:43+02:00,False,2022-03-30T16:42:43+02:00
2022-04-01,False,2022-03-31T16:43:04+02:00,False,2022-03-31T16:43:04+02:00
2022-04-02,False,2022-04-01T16:43:24+02:00,False,2022-04-01T16:43:24+02:00
2022-04-03,False,2022-04-02T16:44:59+02:00,False,2022-04-02T16:44:59+02:00
2022-04-04,False,2022-04-03T16:43:28+02:00,False,2022-04-03T16:43:28+02:00
2022-04-05,False,2022-04-04T16:43:21+02:00,False,2022-04-04T16:43:21+02:00
2022-04-06,False,2022-04-05T16:44:49+02:00,False,2022-04-05T16:44:49+02:00
2022-04-07,False,2022-04-06T16:44:10+02:00,False,2022-04-06T16:44:10+02:00
2022-04-08,False,2022-04-07T16:43:33+02:00,False,2022-04-07T16:43:33+02:00
2022-04-09,False,2022-04-08T16:44:47+02:00,False,2022-04-08T16:44:47+02:00
2022-04-10,False,2022-04-09T16:43:05+02:00,False,2022-04-09T16:43:05+02:00
2022-04-11,False,2022-04-10T16:43:52+02:00,False,2022-04-10T16:43:52+02:00
2022-04-12,False,2022-04-11T16:43:09+02:00,False,2022-04-11T16:43:09+02:00
2022-04-13,False,2022-04-12T16:43:21+02:00,False,2022-04-12T16:43:21+02:00
2022-04-14,False,2022-04-13T16:44:20+02:00,False,2022-04-13T16:44:20+02:00
2022-04-15,False,2022-04-14T16:44:31+02:00,False,2022-04-14T16:44:31+02:00
2022-04-16,False,2022-04-15T16:44:15+02:00,False,2022-04-15T16:44:15+02:00
2022-04-17,False,2022-04-16T16:43:25+02:00,False,2022-04-16T16:43:25+02:00
2022-04-18,False,2022-04-17T16:43:56+02:00,False,2022-04-17T16:43:56+02:00
2022-04-19,False,2022-04-18T16:44:08+02:00,False,2022-04-18T16:44:08+02:00
2022-04-20,False,2022-04-19T16:43:53+02:00,False,2022-04-19T16:43:53+02:00
2022-04-21,False,2022-04-20T16:43:37+02:00,False,2022-04-20T16:43:37+02:00
2022-04-22,False,2022-04-21T16:44:41+02:00,False,2022-04-21T16:44:41+02:00
2022-04-23,False,2022-04-22T16:46:06+02:00,False,2022-04-22T16:46:06+02:00
2022-04-24,False,2022-04-23T16:43:32+02:00,False,2022-04-23T16:43:32+02:00
2022-04-25,False,2022-04-24T16:44:36+02:00,False,2022-04-24T16:44:36+02:00
2022-04-26,False,2022-04-25T16:43:59+02:00,False,2022-04-25T16:43:59+02:00
2022-04-27,False,2022-04-26T16:42:41+02:00,False,2022-04-26T16:42:41+02:00
2022-04-28,False,2022-04-27T16:44:31+02:00,False,2022-04-27T16:44:31+02:00
2022-04-29,False,2022-04-28T16:44:28+02:00,False,2022-04-28T16:44:28+02:00
2022-04-30,False,2022-04-29T16:44:28+02:00,False,2022-04-29T16:44:28+02:00
2022-05-01,False,2022-04-30T16:44:15+02:00,False,2022-04-30T16:44:15+02:00
2022-05-02,False,2022-05-01T16:43:01+02:00,False,2022-05-01T16:43:01+02:00
2022-05-03,False,2022-05-02T16:44:02+02:00,False,2022-05-02T16:44:02+02:00
2022-05-04,False,2022-05-03T16:44:05+02:00,False,2022-05-03T16:44:05+02:00
2022-05-05,False,2022-05-04T16:45:05+02:00,False,2022-05-04T16:45:05+02:00
2022-05-06,False,2022-05-05T16:42:36+02:00,False,2022-05-05T16:42:36+02:00
2022-05-07,False,2022-05-06T16:42:59+02:00,False,2022-05-06T16:42:59+02:00
2022-05-08,False,2022-05-07T16:44:01+02:00,False,2022-05-07T16:44:01+02:00
2022-05-09,False,2022-05-08T16:43:53+02:00,False,2022-05-08T16:43:53+02:00
2022-05-10,False,2022-05-09T16:44:26+02:00,False,2022-05-09T16:44:26+02:00
2022-05-11,False,2022-05-10T16:42:39+02:00,False,2022-05-10T16:42:39+02:00
2022-05-12,False,2022-05-11T16:43:14+02:00,False,2022-05-11T16:43:14+02:00
2022-05-13,False,2022-05-12T16:42:37+02:00,False,2022-05-12T16:42:37+02:00
2022-05-14,False,2022-05-13T16:43:53+02:00,False,2022-05-13T16:43:53+02:00
2022-05-15,False,2022-05-14T16:43:43+02:00,False,2022-05-14T16:43:43+02:00
2022-05-16,False,2022-05-15T16:43:38+02:00,False,2022-05-15T16:43:38+02:00
2022-05-17,False,2022-05-16T16:42:43+02:00,False,2022-05-16T16:42:43+02:00
2022-05-18,False,2022-05-17T16:43:21+02:00,False,2022-05-17T16:43:21+02:00
2022-05-19,False,2022-05-18T16:42:52+02:00,False,2022-05-18T16:42:52+02:00
2022-05-20,False,2022-05-19T16:43:46+02:00,False,2022-05-19T16:43:46+02:00
2022-05-21,False,2022-05-20T16:42:52+02:00,False,2022-05-20T16:42:52+02:00
2022-05-22,False,2022-05-21T16:43:16+02:00,False,2022-05-21T16:43:16+02:00
2022-05-23,False,2022-05-22T16:42:42+02:00,False,2022-05-22T16:42:42+02:00
2022-05-24,False,2022-05-23T16:43:02+02:00,False,2022-05-23T16:43:02+02:00
2022-05-25,False,2022-05-24T16:42:38+02:00,False,2022-05-24T16:42:38+02:00
2022-05-26,False,2022-05-25T16:43:47+02:00,False,2022-05-25T16:43:47+02:00
2022-05-27,False,2022-05-26T16:43:21+02:00,False,2022-05-26T16:43:21+02:00
2022-05-28,False,2022-05-27T16:43:04+02:00,False,2022-05-27T16:43:04+02:00
2022-05-29,False,2022-05-28T16:45:01+02:00,False,2022-05-28T16:45:01+02:00
2022-05-30,False,2022-05-29T16:42:48+02:00,False,2022-05-29T16:42:48+02:00
2022-05-31,False,2022-05-30T16:42:52+02:00,False,2022-05-30T16:42:52+02:00
2022-06-01,False,2022-05-31T16:43:28+02:00,False,2022-05-31T16:43:28+02:00
2022-06-02,False,2022-06-01T16:42:44+02:00,False,2022-06-01T16:42:44+02:00
2022-06-03,False,2022-06-02T16:45:03+02:00,False,2022-06-02T16:45:03+02:00
2022-06-04,False,2022-06-03T16:43:02+02:00,False,2022-06-03T16:43:02+02:00
2022-06-05,False,2022-06-04T16:45:24+02:00,False,2022-06-04T16:45:24+02:00
2022-06-06,False,2022-06-05T16:43:00+02:00,False,2022-06-05T16:43:00+02:00
2022-06-07,False,2022-06-06T16:44:38+02:00,False,2022-06-06T16:44:38+02:00
2022-06-08,False,2022-06-07T16:44:11+02:00,False,2022-06-07T16:44:11+02:00
2022-06-09,False,2022-06-08T16:42:50+02:00,False,2022-06-08T16:42:50+02:00
2022-06-10,False,2022-06-09T16:45:05+02:00,False,2022-06-09T16:45:05+02:00
2022-06-11,False,2022-06-10T16:42:44+02:00,False,2022-06-10T16:42:44+02:00
2022-06-12,False,2022-06-11T16:43:04+02:00,False,2022-06-11T16:43:04+02:00
2022-06-13,False,2022-06-12T16:45:00+02:00,False,2022-06-12T16:45:00+02:00
2022-06-14,False,2022-06-13T16:44:27+02:00,False,2022-06-13T16:44:27+02:00
2022-06-15,False,2022-06-14T16:42:50+02:00,False,2022-06-14T16:42:50+02:00
2022-06-16,False,2022-06-15T16:42:51+02:00,False,2022-06-15T16:42:51+02:00
2022-06-17,False,2022-06-16T16:45:01+02:00,False,2022-06-16T16:45:01+02:00
2022-06-18,False,2022-06-17T16:42:46+02:00,False,2022-06-17T16:42:46+02:00
2022-06-19,False,2022-06-18T16:44:11+02:00,False,2022-06-18T16:44:11+02:00
2022-06-20,False,2022-06-19T16:43:55+02:00,False,2022-06-19T16:43:55+02:00
2022-06-21,False,2022-06-20T16:42:50+02:00,False,2022-06-20T16:42:50+02:00
2022-06-22,False,2022-06-21T16:45:06+02:00,False,2022-06-21T16:45:06+02:00
2022-06-23,False,2022-06-22T16:42:52+02:00,False,2022-06-22T16:42:52+02:00
2022-06-24,False,2022-06-23T16:42:47+02:00,False,2022-06-23T16:42:47+02:00
2022-06-25,False,2022-06-24T16:43:21+02:00,False,2022-06-24T16:43:21+02:00
2022-06-26,False,2022-06-25T16:44:42+02:00,False,2022-06-25T16:44:42+02:00
2022-06-27,False,2022-06-26T16:43:35+02:00,False,2022-06-26T16:43:35+02:00
2022-06-28,False,2022-06-27T16:42:45+02:00,False,2022-06-27T16:42:45+02:00
2022-06-29,False,2022-06-28T16:43:07+02:00,False,2022-06-28T16:43:07+02:00
2022-06-30,False,2022-06-29T16:42:42+02:00,False,2022-06-29T16:42:42+02:00
2022-07-01,False,2022-06-30T16:44:30+02:00,False,2022-06-30T16:44:30+02:00
2022-07-02,False,2022-07-01T16:43:11+02:00,False,2022-07-01T16:43:11+02:00
2022-07-03,False,2022-07-02T16:43:26+02:00,False,2022-07-02T16:43:26+02:00
2022-07-04,False,2022-07-03T16:44:12+02:00,False,2022-07-03T16:44:12+02:00
2022-07-05,False,2022-07-04T16:44:51+02:00,False,2022-07-04T16:44:51+02:00
2022-07-06,False,2022-07-05T16:42:42+02:00,False,2022-07-05T16:42:42+02:00
2022-07-07,False,2022-07-06T16:44:35+02:00,False,2022-07-06T16:44:35+02:00
2022-07-08,False,2022-07-07T16:42:45+02:00,False,2022-07-07T16:42:45+02:00
2022-07-09,False,2022-07-08T16:44:05+02:00,False,2022-07-08T16:44:05+02:00
2022-07-10,False,2022-07-09T16:42:58+02:00,False,2022-07-09T16:42:58+02:00
2022-07-11,False,2022-07-10T16:42:50+02:00,False,2022-07-10T16:42:50+02:00
2022-07-12,False,2022-07-11T16:42:44+02:00,False,2022-07-11T16:42:44+02:00
2022-07-13,False,2022-07-12T16:43:17+02:00,False,2022-07-12T16:43:17+02:00
2022-07-14,False,2022-07-13T16:43:29+02:00,False,2022-07-13T16:43:29+02:00
2022-07-15,False,2022-07-14T16:43:24+02:00,False,2022-07-14T16:43:24+02:00
2022-07-16,False,2022-07-15T16:43:14+02:00,False,2022-07-15T16:43:14+02:00
2022-07-17,False,2022-07-16T16:43:58+02:00,False,2022-07-16T16:43:58+02:00
2022-07-18,False,2022-07-17T16:43:55+02:00,False,2022-07-17T16:43:55+02:00
2022-07-19,False,2022-07-18T16:42:56+02:00,False,2022-07-18T16:42:56+02:00
2022-07-20,False,2022-07-19T16:43:14+02:00,False,2022-07-19T16:43:14+02:00
2022-07-21,False,2022-07-20T16:43:04+02:00,False,2022-07-20T16:43:04+02:00
2022-07-22,False,2022-07-21T16:43:36+02:00,False,2022-07-21T16:43:36+02:00
2022-07-23,False,2022-07-22T16:44:03+02:00,False,2022-07-22T16:44:03+02:00
2022-07-24,False,2022-07-23T16:44:13+02:00,False,2022-07-23T16:44:13+02:00
2022-07-25,False,2022-07-24T16:44:08+02:00,False,2022-07-24T16:44:08+02:00
2022-07-26,False,2022-07-25T16:42:51+02:00,False,2022-07-25T16:42:51+02:00
2022-07-27,False,2022-07-26T16:43:14+02:00,False,2022-07-26T16:43:14+02:00
2022-07-28,False,2022-07-27T16:42:58+02:00,False,2022-07-27T16:42:58+02:00
2022-07-29,False,2022-07-28T16:53:36+02:00,False,2022-07-28T16:53:36+02:00
2022-07-30,False,2022-07-29T16:43:43+02:00,False,2022-07-29T16:43:43+02:00
2022-07-31,False,2022-07-30T16:44:17+02:00,False,2022-07-30T16:44:17+02:00
2022-08-01,False,2022-07-31T16:45:00+02:00,False,2022-07-31T16:45:00+02:00
2022-08-02,False,2022-08-01T16:44:01+02:00,False,2022-08-01T16:44:01+02:00
2022-08-03,False,2022-08-02T16:42:54+02:00,False,2022-08-02T16:42:54+02:00
2022-08-04,False,2022-08-03T16:42:53+02:00,False,2022-08-03T16:42:53+02:00
2022-08-05,False,2022-08-04T16:42:56+02:00,False,2022-08-04T16:42:56+02:00
2022-08-06,False,2022-08-05T16:45:01+02:00,False,2022-08-05T16:45:01+02:00
2022-08-07,False,2022-08-06T16:42:50+02:00,False,2022-08-06T16:42:50+02:00
2022-08-08,False,2022-08-07T16:44:16+02:00,False,2022-08-07T16:44:16+02:00
2022-08-09,False,2022-08-08T16:44:41+02:00,False,2022-08-08T16:44:41+02:00
2022-08-10,False,2022-08-09T16:43:08+02:00,False,2022-08-09T16:43:08+02:00
2022-08-11,False,2022-08-10T16:43:15+02:00,False,2022-08-10T16:43:15+02:00
2022-08-12,False,2022-08-11T16:42:47+02:00,False,2022-08-11T16:42:47+02:00
2022-08-13,False,2022-08-12T16:43:34+02:00,False,2022-08-12T16:43:34+02:00
2022-08-14,False,2022-08-13T16:43:54+02:00,False,2022-08-13T16:43:54+02:00
2022-08-15,False,2022-08-14T16:43:39+02:00,False,2022-08-14T16:43:39+02:00
2022-08-16,False,2022-08-15T16:44:54+02:00,False,2022-08-15T16:44:54+02:00
2022-08-17,False,2022-08-16T16:42:50+02:00,False,2022-08-16T16:42:50+02:00
2022-08-18,False,2022-08-17T16:42:54+02:00,False,2022-08-17T16:42:54+02:00
2022-08-19,False,2022-08-18T16:43:14+02:00,False,2022-08-18T16:43:14+02:00
2022-08-20,False,2022-08-19T16:44:23+02:00,False,2022-08-19T16:44:23+02:00
2022-08-21,False,2022-08-20T16:44:01+02:00,False,2022-08-20T16:44:01+02:00
2022-08-22,False,2022-08-21T16:44:29+02:00,False,2022-08-21T16:44:29+02:00
2022-08-23,False,2022-08-22T16:43:11+02:00,False,2022-08-22T16:43:11+02:00
2022-08-24,False,2022-08-23T16:42:49+02:00,False,2022-08-23T16:42:49+02:00
2022-08-25,False,2022-08-24T16:43:12+02:00,False,2022-08-24T16:43:12+02:00
2022-08-26,False,2022-08-25T16:43:45+02:00,False,2022-08-25T16:43:45+02:00
2022-08-27,False,2022-08-26T16:43:57+02:00,False,2022-08-26T16:43:57+02:00
2022-08-28,False,2022-08-27T16:44:16+02:00,False,2022-08-27T16:44:16+02:00
2022-08-29,False,2022-08-28T16:44:02+02:00,False,2022-08-28T16:44:02+02:00
2022-08-30,False,2022-08-29T16:43:03+02:00,False,2022-08-29T16:43:03+02:00
2022-08-31,False,2022-08-30T16:43:38+02:00,False,2022-08-30T16:43:38+02:00
2022-09-01,False,2022-08-31T16:42:58+02:00,False,2022-08-31T16:42:58+02:00
2022-09-02,False,2022-09-01T16:42:52+02:00,False,2022-09-01T16:42:52+02:00
2022-09-03,False,2022-09-02T16:43:55+02:00,False,2022-09-02T16:43:55+02:00
2022-09-04,False,2022-09-03T16:43:21+02:00,False,2022-09-03T16:43:21+02:00
2022-09-05,False,2022-09-04T16:43:48+02:00,False,2022-09-04T16:43:48+02:00
2022-09-06,False,2022-09-05T16:43:24+02:00,False,2022-09-05T16:43:24+02:00
2022-09-07,False,2022-09-06T16:43:23+02:00,False,2022-09-06T16:43:23+02:00
2022-09-08,False,2022-09-07T16:43:30+02:00,False,2022-09-07T16:43:30+02:00
2022-09-09,False,2022-09-08T16:45:09+02:00,False,2022-09-08T16:45:09+02:00
2022-09-10,False,2022-09-09T16:43:49+02:00,False,2022-09-09T16:43:49+02:00
2022-09-11,False,2022-09-10T16:44:13+02:00,False,2022-09-10T16:44:13+02:00
2022-09-12,False,2022-09-11T16:43:08+02:00,False,2022-09-11T16:43:08+02:00
2022-09-13,False,2022-09-12T16:42:57+02:00,False,2022-09-12T16:42:57+02:00
2022-09-14,False,2022-09-13T16:43:12+02:00,False,2022-09-13T16:43:12+02:00
2022-09-15,False,2022-09-14T16:43:06+02:00,False,2022-09-14T16:43:06+02:00
2022-09-16,False,2022-09-15T16:43:50+02:00,False,2022-09-15T16:43:50+02:00
2022-09-17,False,2022-09-16T16:43:59+02:00,False,2022-09-16T16:43:59+02:00
2022-09-18,False,2022-09-17T16:41:41+02:00,False,2022-09-17T16:41:41+02:00
2022-09-19,False,2022-09-18T16:44:35+02:00,False,2022-09-18T16:44:35+02:00
2022-09-20,False,2022-09-19T16:43:39+02:00,False,2022-09-19T16:43:39+02:00
2022-09-21,False,2022-09-20T16:44:07+02:00,False,2022-09-20T16:44:07+02:00
2022-09-22,False,2022-09-21T16:43:09+02:00,False,2022-09-21T16:43:09+02:00
2022-09-23,False,2022-09-22T16:44:10+02:00,False,2022-09-22T16:44:10+02:00
2022-09-24,False,2022-09-23T16:44:47+02:00,False,2022-09-23T16:44:47+02:00
2022-09-25,False,2022-09-24T16:43:34+02:00,False,2022-09-24T16:43:34+02:00
2022-09-26,False,2022-09-25T16:42:48+02:00,False,2022-09-25T16:42:48+02:00
2022-09-27,False,2022-09-26T16:44:38+02:00,False,2022-09-26T16:44:38+02:00
2022-09-28,False,2022-09-27T16:44:34+02:00,False,2022-09-27T16:44:34+02:00
2022-09-29,False,2022-09-28T16:45:00+02:00,False,2022-09-28T16:45:00+02:00
2022-09-30,False,2022-09-29T16:43:51+02:00,False,2022-09-29T16:43:51+02:00
2022-10-01,False,2022-09-30T16:44:36+02:00,False,2022-09-30T16:44:36+02:00
2022-10-02,False,2022-10-01T16:43:01+02:00,False,2022-10-01T16:43:01+02:00
2022-10-03,False,2022-10-02T16:45:22+02:00,False,2022-10-02T16:45:22+02:00
2022-10-04,False,2022-10-03T16:43:02+02:00,False,2022-10-03T16:43:02+02:00
2022-10-05,False,2022-10-04T16:44:09+02:00,False,2022-10-04T16:44:09+02:00
2022-10-06,False,2022-10-05T16:43:25+02:00,False,2022-10-05T16:43:25+02:00
2022-10-07,False,2022-10-06T16:43:03+02:00,False,2022-10-06T16:43:03+02:00
2022-10-08,False,2022-10-07T16:43:33+02:00,False,2022-10-07T16:43:33+02:00
2022-10-09,False,2022-10-08T16:43:47+02:00,False,2022-10-08T16:43:47+02:00
2022-10-10,False,2022-10-09T16:44:16+02:00,False,2022-10-09T16:44:16+02:00
2022-10-11,False,2022-10-10T16:43:42+02:00,False,2022-10-10T16:43:42+02:00
2022-10-12,False,2022-10-11T16:43:00+02:00,False,2022-10-11T16:43:00+02:00
2022-10-13,False,2022-10-12T16:43:30+02:00,False,2022-10-12T16:43:30+02:00
2022-10-14,False,2022-10-13T16:43:04+02:00,False,2022-10-13T16:43:04+02:00
2022-10-15,False,2022-10-14T16:43:57+02:00,False,2022-10-14T16:43:57+02:00
2022-10-16,False,2022-10-15T16:43:57+02:00,False,2022-10-15T16:43:57+02:00
2022-10-17,False,2022-10-16T16:43:34+02:00,False,2022-10-16T16:43:34+02:00
2022-10-18,False,2022-10-17T16:43:25+02:00,False,2022-10-17T16:43:25+02:00
2022-10-19,False,2022-10-18T16:44:17+02:00,False,2022-10-18T16:44:17+02:00
2022-10-20,False,2022-10-19T16:44:05+02:00,False,2022-10-19T16:44:05+02:00
2022-10-21,False,2022-10-20T16:43:12+02:00,False,2022-10-20T16:43:12+02:00
2022-10-22,False,2022-10-21T16:44:11+02:00,False,2022-10-21T16:44:11+02:00
2022-10-23,False,2022-10-22T16:43:55+02:00,False,2022-10-22T16:43:55+02:00
2022-10-24,False,2022-10-23T16:44:18+02:00,False,2022-10-23T16:44:18+02:00
2022-10-25,False,2022-10-24T16:44:22+02:00,False,2022-10-24T16:44:22+02:00
2022-10-26,False,2022-10-25T17:05:49+02:00,False,2022-10-25T17:05:49+02:00
2022-10-27,False,2022-10-26T16:43:13+02:00,False,2022-10-26T16:43:13+02:00
2022-10-28,False,2022-10-27T16:43:00+02:00,False,2022-10-27T16:43:00+02:00
2022-10-29,False,2022-10-28T16:43:34+02:00,False,2022-10-28T16:43:34+02:00
2022-10-30,False,2022-10-29T16:44:27+02:00,False,2022-10-29T16:44:27+02:00
2022-10-31,False,2022-10-30T16:43:32+01:00,False,2022-10-30T16:43:32+01:00
2022-11-01,False,2022-10-31T16:42:52+01:00,False,2022-10-31T16:42:52+01:00
2022-11-02,False,2022-11-01T06:34:10+01:00,False,2022-11-01T06:34:10+01:00
2022-11-03,False,2022-11-02T06:34:41+01:00,False,2022-11-02T06:34:41+01:00
2022-11-04,False,2022-11-03T06:34:58+01:00,False,2022-11-03T06:34:58+01:00
2022-11-05,False,2022-11-04T06:33:14+01:00,False,2022-11-04T06:33:14+01:00
2022-11-06,False,2022-11-05T06:33:40+01:00,False,2022-11-05T06:33:40+01:00
2022-11-07,False,2022-11-06T06:35:02+01:00,False,2022-11-06T06:35:02+01:00
2022-11-08,False,2022-11-07T06:33:09+01:00,False,2022-11-07T06:33:09+01:00
2022-11-09,False,2022-11-08T06:33:41+01:00,False,2022-11-08T06:33:41+01:00
2022-11-10,False,2022-11-09T06:34:45+01:00,False,2022-11-09T06:34:45+01:00
2022-11-11,False,2022-11-10T06:33:04+01:00,False,2022-11-10T06:33:04+01:00
2022-11-12,False,2022-11-11T06:34:50+01:00,False,2022-11-11T06:34:50+01:00
2022-11-13,False,2022-11-12T06:33:18+01:00,False,2022-11-12T06:33:18+01:00
2022-11-14,False,2022-11-13T06:33:25+01:00,False,2022-11-13T06:33:25+01:00
2022-11-15,False,2022-11-14T06:35:02+01:00,False,2022-11-14T06:35:02+01:00
2022-11-16,False,2022-11-15T06:33:30+01:00,False,2022-11-15T06:33:30+01:00
2022-11-17,False,2022-11-16T06:33:36+01:00,False,2022-11-16T06:33:36+01:00
2022-11-18,False,2022-11-17T06:33:27+01:00,False,2022-11-17T06:33:27+01:00
2022-11-19,False,2022-11-18T06:33:46+01:00,False,2022-11-18T06:33:46+01:00
2022-11-20,False,2022-11-19T06:33:24+01:00,False,2022-11-19T06:33:24+01:00
2022-11-21,False,2022-11-20T06:33:29+01:00,False,2022-11-20T06:33:29+01:00
2022-11-22,False,2022-11-21T06:33:33+01:00,False,2022-11-21T06:33:33+01:00
2022-11-23,False,2022-11-22T06:33:23+01:00,False,2022-11-22T06:33:23+01:00
2022-11-24,False,2022-11-23T06:34:39+01:00,False,2022-11-23T06:34:39+01:00
2022-11-25,False,2022-11-24T06:32:57+01:00,False,2022-11-24T06:32:57+01:00
2022-11-26,False,2022-11-25T09:13:29+01:00,False,2022-11-25T09:13:29+01:00
2022-11-27,False,2022-11-26T06:33:26+01:00,False,2022-11-26T06:33:26+01:00
2022-11-28,False,2022-11-27T06:33:28+01:00,False,2022-11-27T06:33:28+01:00
2022-11-29,False,2022-11-28T06:33:07+01:00,False,2022-11-28T06:33:07+01:00
2022-11-30,False,2022-11-29T06:33:09+01:00,False,2022-11-29T06:33:09+01:00
2022-12-01,False,2022-11-30T06:33:31+01:00,False,2022-11-30T06:33:31+01:00
2022-12-02,False,2022-12-01T06:34:38+01:00,False,2022-12-01T06:34:38+01:00
2022-12-03,False,2022-12-02T06:33:19+01:00,False,2022-12-02T06:33:19+01:00
2022-12-04,False,2022-12-03T06:33:46+01:00,False,2022-12-03T06:33:46+01:00
2022-12-05,False,2022-12-04T06:33:53+01:00,False,2022-12-04T06:33:53+01:00
2022-12-06,False,2022-12-05T06:33:32+01:00,False,2022-12-05T06:33:32+01:00
2022-12-07,False,2022-12-06T06:33:22+01:00,False,2022-12-06T06:33:22+01:00
2022-12-08,True,2022-12-07T06:19:47+01:00,True,2022-12-07T06:19:47+01:00
2022-12-09,False,2022-12-08T06:33:00+01:00,True,2022-12-08T06:33:00+01:00
2022-12-10,False,2022-12-09T06:33:28+01:00,False,2022-12-09T06:33:28+01:00
2022-12-11,False,2022-12-10T06:31:40+01:00,False,2022-12-10T06:31:40+01:00
2022-12-12,True,2022-12-11T06:18:43+01:00,True,2022-12-11T06:18:43+01:00
2022-12-13,True,2022-12-12T06:18:17+01:00,True,2022-12-12T06:18:17+01:00
2022-12-14,True,2022-12-13T06:18:29+01:00,True,2022-12-13T06:18:29+01:00
2022-12-15,False,2022-12-14T06:33:44+01:00,True,2022-12-14T06:33:44+01:00
2022-12-16,False,2022-12-15T06:33:37+01:00,True,2022-12-15T06:33:37+01:00
2022-12-17,False,2022-12-16T06:33:47+01:00,False,2022-12-16T06:33:47+01:00
2022-12-18,False,2022-12-17T06:33:31+01:00,False,2022-12-17T06:33:31+01:00
2022-12-19,False,2022-12-18T06:33:34+01:00,False,2022-12-18T06:33:34+01:00
2022-12-20,False,2022-12-19T06:35:04+01:00,False,2022-12-19T06:35:04+01:00
2022-12-21,False,2022-12-20T06:33:42+01:00,False,2022-12-20T06:33:42+01:00
2022-12-22,False,2022-12-21T06:33:31+01:00,False,2022-12-21T06:33:31+01:00
2022-12-23,False,2022-12-22T06:33:37+01:00,False,2022-12-22T06:33:37+01:00
2022-12-24,False,2022-12-23T06:33:46+01:00,False,2022-12-23T06:33:46+01:00
2022-12-25,False,2022-12-24T06:33:36+01:00,False,2022-12-24T06:33:36+01:00
2022-12-26,False,2022-12-25T06:33:25+01:00,False,2022-12-25T06:33:25+01:00
2022-12-27,False,2022-12-26T18:39:04+01:00,,
2022-12-28,False,2022-12-27T11:30:57+01:00,,
2022-12-29,False,2022-12-28T06:34:54+01:00,False,2022-12-28T06:34:54+01:00
2022-12-30,False,2022-12-29T06:33:28+01:00,False,2022-12-29T06:33:28+01:00
2022-12-31,False,2022-12-30T06:33:32+01:00,False,2022-12-30T06:33:32+01:00
2023-01-01,False,2022-12-31T06:33:33+01:00,False,2022-12-31T06:33:33+01:00
2023-01-02,False,2023-01-01T06:33:22+01:00,False,2023-01-01T06:33:22+01:00
2023-01-03,False,2023-01-02T06:33:45+01:00,False,2023-01-02T06:33:45+01:00
2023-01-04,False,2023-01-03T06:33:47+01:00,False,2023-01-03T06:33:47+01:00
2023-01-05,False,2023-01-04T06:33:19+01:00,False,2023-01-04T06:33:19+01:00
2023-01-06,False,2023-01-05T06:33:27+01:00,False,2023-01-05T06:33:27+01:00
2023-01-07,False,2023-01-06T06:33:41+01:00,False,2023-01-06T06:33:41+01:00
2023-01-08,False,2023-01-07T06:33:26+01:00,False,2023-01-07T06:33:26+01:00
2023-01-09,False,2023-01-08T06:33:30+01:00,False,2023-01-08T06:33:30+01:00
2023-01-10,False,2023-01-09T06:33:42+01:00,False,2023-01-09T06:33:42+01:00
2023-01-11,False,2023-01-10T06:33:37+01:00,False,2023-01-10T06:33:37+01:00
2023-01-12,False,2023-01-11T06:33:32+01:00,False,2023-01-11T06:33:32+01:00
2023-01-13,False,2023-01-12T06:33:37+01:00,False,2023-01-12T06:33:37+01:00
2023-01-14,False,2023-01-13T06:34:02+01:00,False,2023-01-13T06:34:02+01:00
2023-01-15,False,2023-01-14T06:34:57+01:00,False,2023-01-14T06:34:57+01:00
2023-01-16,False,2023-01-15T06:33:25+01:00,False,2023-01-15T06:33:25+01:00
2023-01-17,False,2023-01-16T06:33:29+01:00,False,2023-01-16T06:33:29+01:00
2023-01-18,False,2023-01-17T06:33:27+01:00,False,2023-01-17T06:33:27+01:00
2023-01-19,True,2023-01-18T06:18:35+01:00,True,2023-01-18T06:18:35+01:00
2023-01-20,True,2023-01-19T06:18:29+01:00,True,2023-01-19T06:18:29+01:00
2023-01-21,False,2023-01-20T06:33:28+01:00,False,2023-01-20T06:33:28+01:00
2023-01-22,False,2023-01-21T06:31:20+01:00,False,2023-01-21T06:31:20+01:00
2023-01-23,True,2023-01-22T06:18:46+01:00,True,2023-01-22T06:18:46+01:00
2023-01-24,True,2023-01-23T06:18:32+01:00,True,2023-01-23T06:18:32+01:00
2023-01-25,True,2023-01-24T06:18:32+01:00,True,2023-01-24T06:18:32+01:00
2023-01-26,False,2023-01-25T06:33:51+01:00,False,2023-01-25T06:33:51+01:00
2023-01-27,True,2023-01-26T06:18:28+01:00,True,2023-01-26T06:18:28+01:00
2023-01-28,False,2023-01-27T06:34:35+01:00,False,2023-01-27T06:34:35+01:00
2023-01-29,False,2023-01-28T06:33:44+01:00,False,2023-01-28T06:33:44+01:00
2023-01-30,False,2023-01-29T06:33:35+01:00,False,2023-01-29T06:33:35+01:00
2023-01-31,False,2023-01-30T06:34:16+01:00,False,2023-01-30T06:34:16+01:00
2023-02-01,False,2023-01-31T06:33:30+01:00,False,2023-01-31T06:33:30+01:00
2023-02-02,False,2023-02-01T06:33:41+01:00,False,2023-02-01T06:33:41+01:00
2023-02-03,False,2023-02-02T06:33:59+01:00,False,2023-02-02T06:33:59+01:00
2023-02-04,False,2023-02-03T06:33:11+01:00,False,2023-02-03T06:33:11+01:00
2023-02-05,False,2023-02-04T06:35:47+01:00,False,2023-02-04T06:35:47+01:00
2023-02-06,False,2023-02-05T06:33:34+01:00,False,2023-02-05T06:33:34+01:00
2023-02-07,False,2023-02-06T06:33:40+01:00,False,2023-02-06T06:33:40+01:00
2023-02-08,False,2023-02-07T06:33:32+01:00,False,2023-02-07T06:33:32+01:00
2023-02-09,True,2023-02-08T06:18:31+01:00,True,2023-02-08T06:18:31+01:00
2023-02-10,True,2023-02-09T06:18:42+01:00,True,2023-02-09T06:18:42+01:00
2023-02-11,False,2023-02-10T06:33:52+01:00,False,2023-02-10T06:33:52+01:00
2023-02-12,False,2023-02-11T06:33:32+01:00,False,2023-02-11T06:33:32+01:00
2023-02-13,False,2023-02-12T06:34:08+01:00,False,2023-02-12T06:34:08+01:00
2023-02-14,False,2023-02-13T06:33:50+01:00,False,2023-02-13T06:33:50+01:00
2023-02-15,False,2023-02-14T06:33:23+01:00,False,2023-02-14T06:33:23+01:00
2023-02-16,False,2023-02-15T06:33:32+01:00,False,2023-02-15T06:33:32+01:00
2023-02-17,False,2023-02-16T07:38:40+01:00,False,2023-02-16T07:38:40+01:00
2023-02-18,False,2023-02-17T06:33:22+01:00,False,2023-02-17T06:33:22+01:00
2023-02-19,False,2023-02-18T06:33:24+01:00,False,2023-02-18T06:33:24+01:00
2023-02-20,False,2023-02-19T06:33:20+01:00,False,2023-02-19T06:33:20+01:00
2023-02-21,False,2023-02-20T06:33:11+01:00,False,2023-02-20T06:33:11+01:00
2023-02-22,False,2023-02-21T06:33:28+01:00,False,2023-02-21T06:33:28+01:00
2023-02-23,False,2023-02-22T06:33:14+01:00,False,2023-02-22T06:33:14+01:00
2023-02-24,False,2023-02-23T06:33:23+01:00,False,2023-02-23T06:33:23+01:00
2023-02-25,False,2023-02-24T06:34:01+01:00,False,2023-02-24T06:34:01+01:00
2023-02-26,False,2023-02-25T06:33:29+01:00,False,2023-02-25T06:33:29+01:00
2023-02-27,False,2023-02-26T06:34:26+01:00,False,2023-02-26T06:34:26+01:00
2023-02-28,True,2023-02-27T06:18:27+01:00,True,2023-02-27T06:18:27+01:00
2023-03-01,True,2023-02-28T06:18:34+01:00,True,2023-02-28T06:18:34+01:00
2023-03-02,True,2023-03-01T06:18:34+01:00,True,2023-03-01T06:18:34+01:00
2023-03-03,False,2023-03-02T06:33:27+01:00,False,2023-03-02T06:33:27+01:00
2023-03-04,False,2023-03-03T06:33:31+01:00,False,2023-03-03T06:33:31+01:00
2023-03-05,False,2023-03-04T06:33:28+01:00,False,2023-03-04T06:33:28+01:00
2023-03-06,False,2023-03-05T06:33:22+01:00,False,2023-03-05T06:33:22+01:00
2023-03-07,False,2023-03-06T06:33:19+01:00,False,2023-03-06T06:33:19+01:00
2023-03-08,False,2023-03-07T06:33:24+01:00,False,2023-03-07T06:33:24+01:00
2023-03-09,False,2023-03-08T06:33:20+01:00,False,2023-03-08T06:33:20+01:00
2023-03-10,False,2023-03-09T06:33:26+01:00,False,2023-03-09T06:33:26+01:00
2023-03-11,False,2023-03-10T06:33:23+01:00,False,2023-03-10T06:33:23+01:00
2023-03-12,False,2023-03-11T06:33:38+01:00,False,2023-03-11T06:33:38+01:00
2023-03-13,False,2023-03-12T06:35:09+01:00,False,2023-03-12T06:35:09+01:00
2023-03-14,False,2023-03-13T06:33:29+01:00,False,2023-03-13T06:33:29+01:00
2023-03-15,False,2023-03-14T06:35:08+01:00,False,2023-03-14T06:35:08+01:00
2023-03-16,False,2023-03-15T06:33:21+01:00,False,2023-03-15T06:33:21+01:00
2023-03-17,False,2023-03-16T06:33:12+01:00,False,2023-03-16T06:33:12+01:00
2023-03-18,False,2023-03-17T06:33:32+01:00,False,2023-03-17T06:33:32+01:00
2023-03-19,False,2023-03-18T06:33:43+01:00,False,2023-03-18T06:33:43+01:00
2023-03-20,False,2023-03-19T06:33:19+01:00,False,2023-03-19T06:33:19+01:00
2023-03-21,False,2023-03-20T06:33:52+01:00,False,2023-03-20T06:33:52+01:00
2023-03-22,False,2023-03-21T06:32:55+01:00,False,2023-03-21T06:32:55+01:00
2023-03-23,False,2023-03-22T06:33:22+01:00,False,2023-03-22T06:33:22+01:00
2023-03-24,False,2023-03-23T06:33:18+01:00,False,2023-03-23T06:33:18+01:00
2023-03-25,False,2023-03-24T06:33:40+01:00,False,2023-03-24T06:33:40+01:00
2023-03-26,False,2023-03-25T06:34:11+01:00,False,2023-03-25T06:34:11+01:00
2023-03-27,False,2023-03-26T06:33:35+02:00,False,2023-03-26T06:33:35+02:00
2023-03-28,False,2023-03-27T06:33:22+02:00,False,2023-03-27T06:33:22+02:00
2023-03-29,False,2023-03-28T06:35:15+02:00,False,2023-03-28T06:35:15+02:00
2023-03-30,False,2023-03-29T06:33:34+02:00,False,2023-03-29T06:33:34+02:00
2023-03-31,False,2023-03-30T06:33:26+02:00,False,2023-03-30T06:33:26+02:00
2023-04-01,False,2023-03-31T06:33:23+02:00,False,2023-03-31T06:33:23+02:00
2023-04-02,False,2023-04-01T06:33:28+02:00,False,2023-04-01T06:33:28+02:00
2023-04-03,False,2023-04-02T06:33:38+02:00,False,2023-04-02T06:33:38+02:00
2023-04-04,False,2023-04-03T06:33:30+02:00,False,2023-04-03T06:33:30+02:00
2023-04-05,False,2023-04-04T06:33:28+02:00,False,2023-04-04T06:33:28+02:00
2023-04-06,False,2023-04-05T06:33:53+02:00,False,2023-04-05T06:33:53+02:00
2023-04-07,False,2023-04-06T06:33:38+02:00,False,2023-04-06T06:33:38+02:00
2023-04-08,False,2023-04-07T06:32:58+02:00,False,2023-04-07T06:32:58+02:00
2023-04-09,False,2023-04-08T06:35:51+02:00,False,2023-04-08T06:35:51+02:00
2023-04-10,False,2023-04-09T06:32:57+02:00,False,2023-04-09T06:32:57+02:00
2023-04-11,False,2023-04-10T06:33:25+02:00,False,2023-04-10T06:33:25+02:00
2023-04-12,False,2023-04-11T06:33:20+02:00,False,2023-04-11T06:33:20+02:00
2023-04-13,False,2023-04-12T06:34:39+02:00,False,2023-04-12T06:34:39+02:00
2023-04-14,False,2023-04-13T06:33:24+02:00,False,2023-04-13T06:33:24+02:00
2023-04-15,False,2023-04-14T06:34:22+02:00,False,2023-04-14T06:34:22+02:00
2023-04-16,False,2023-04-15T06:33:52+02:00,False,2023-04-15T06:33:52+02:00
2023-04-17,False,2023-04-16T06:34:18+02:00,False,2023-04-16T06:34:18+02:00
2023-04-18,False,2023-04-17T06:33:19+02:00,False,2023-04-17T06:33:19+02:00
2023-04-19,False,2023-04-18T06:33:36+02:00,False,2023-04-18T06:33:36+02:00
2023-04-20,False,2023-04-19T06:33:24+02:00,False,2023-04-19T06:33:24+02:00
2023-04-21,False,2023-04-20T06:33:20+02:00,False,2023-04-20T06:33:20+02:00
2023-04-22,False,2023-04-21T06:35:01+02:00,False,2023-04-21T06:35:01+02:00
2023-04-23,False,2023-04-22T06:33:41+02:00,False,2023-04-22T06:33:41+02:00
2023-04-24,False,2023-04-23T06:33:47+02:00,False,2023-04-23T06:33:47+02:00
2023-04-25,False,2023-04-24T06:33:22+02:00,False,2023-04-24T06:33:22+02:00
2023-04-26,False,2023-04-25T06:33:36+02:00,False,2023-04-25T06:33:36+02:00
2023-04-27,False,2023-04-26T06:34:14+02:00,False,2023-04-26T06:34:14+02:00
2023-04-28,False,2023-04-27T06:35:00+02:00,False,2023-04-27T06:35:00+02:00
2023-04-29,False,2023-04-28T06:33:04+02:00,False,2023-04-28T06:33:04+02:00
2023-04-30,False,2023-04-29T06:33:31+02:00,False,2023-04-29T06:33:31+02:00
2023-05-01,False,2023-04-30T06:33:39+02:00,False,2023-04-30T06:33:39+02:00
2023-05-02,False,2023-05-01T06:33:22+02:00,False,2023-05-01T06:33:22+02:00
2023-05-03,False,2023-05-02T06:34:41+02:00,False,2023-05-02T06:34:41+02:00
2023-05-04,False,2023-05-03T06:33:34+02:00,False,2023-05-03T06:33:34+02:00
2023-05-05,False,2023-05-04T06:33:30+02:00,False,2023-05-04T06:33:30+02:00
2023-05-06,False,2023-05-05T06:33:53+02:00,False,2023-05-05T06:33:53+02:00
2023-05-07,False,2023-05-06T06:34:42+02:00,False,2023-05-06T06:34:42+02:00
2023-05-08,False,2023-05-07T06:33:31+02:00,False,2023-05-07T06:33:31+02:00
2023-05-09,False,2023-05-08T06:33:45+02:00,False,2023-05-08T06:33:45+02:00
2023-05-10,False,2023-05-09T06:34:54+02:00,False,2023-05-09T06:34:54+02:00
2023-05-11,False,2023-05-10T06:34:42+02:00,False,2023-05-10T06:34:42+02:00
2023-05-12,False,2023-05-11T06:33:23+02:00,False,2023-05-11T06:33:23+02:00
2023-05-13,False,2023-05-12T06:34:59+02:00,False,2023-05-12T06:34:59+02:00
2023-05-14,False,2023-05-13T06:34:23+02:00,False,2023-05-13T06:34:23+02:00
2023-05-15,False,2023-05-14T06:34:18+02:00,False,2023-05-14T06:34:18+02:00
2023-05-16,False,2023-05-15T06:33:44+02:00,False,2023-05-15T06:33:44+02:00
2023-05-17,False,2023-05-16T06:34:00+02:00,False,2023-05-16T06:34:00+02:00
2023-05-18,False,2023-05-17T06:33:29+02:00,False,2023-05-17T06:33:29+02:00
2023-05-19,False,2023-05-18T06:34:07+02:00,False,2023-05-18T06:34:07+02:00
2023-05-20,False,2023-05-19T06:33:46+02:00,False,2023-05-19T06:33:46+02:00
2023-05-21,False,2023-05-20T06:33:48+02:00,False,2023-05-20T06:33:48+02:00
2023-05-22,False,2023-05-21T06:35:11+02:00,False,2023-05-21T06:35:11+02:00
2023-05-23,False,2023-05-22T06:33:43+02:00,False,2023-05-22T06:33:43+02:00
2023-05-24,False,2023-05-23T06:34:23+02:00,False,2023-05-23T06:34:23+02:00
2023-05-25,False,2023-05-24T06:34:11+02:00,False,2023-05-24T06:34:11+02:00
2023-05-26,False,2023-05-25T06:33:54+02:00,False,2023-05-25T06:33:54+02:00
2023-05-27,False,2023-05-26T06:33:26+02:00,False,2023-05-26T06:33:26+02:00
2023-05-28,False,2023-05-27T06:36:03+02:00,False,2023-05-27T06:36:03+02:00
2023-05-29,False,2023-05-28T06:33:19+02:00,False,2023-05-28T06:33:19+02:00
2023-05-30,False,2023-05-29T06:32:55+02:00,False,2023-05-29T06:32:55+02:00
2023-05-31,False,2023-05-30T06:33:21+02:00,False,2023-05-30T06:33:21+02:00
2023-06-01,False,2023-05-31T06:33:37+02:00,False,2023-05-31T06:33:37+02:00
2023-06-02,False,2023-06-01T06:35:16+02:00,False,2023-06-01T06:35:16+02:00
2023-06-03,False,2023-06-02T06:35:32+02:00,False,2023-06-02T06:35:32+02:00
2023-06-04,False,2023-06-03T06:33:40+02:00,False,2023-06-03T06:33:40+02:00
2023-06-05,False,2023-06-04T06:33:27+02:00,False,2023-06-04T06:33:27+02:00
2023-06-06,False,2023-06-05T06:33:23+02:00,False,2023-06-05T06:33:23+02:00
2023-06-07,False,2023-06-06T06:34:40+02:00,False,2023-06-06T06:34:40+02:00
2023-06-08,False,2023-06-07T06:33:39+02:00,False,2023-06-07T06:33:39+02:00
2023-06-09,False,2023-06-08T06:35:09+02:00,False,2023-06-08T06:35:09+02:00
2023-06-10,False,2023-06-09T06:33:44+02:00,False,2023-06-09T06:33:44+02:00
2023-06-11,False,2023-06-10T06:35:21+02:00,False,2023-06-10T06:35:21+02:00
2023-06-12,False,2023-06-11T06:34:59+02:00,False,2023-06-11T06:34:59+02:00
2023-06-13,False,2023-06-12T06:33:26+02:00,False,2023-06-12T06:33:26+02:00
2023-06-14,False,2023-06-13T06:34:11+02:00,False,2023-06-13T06:34:11+02:00
2023-06-15,False,2023-06-14T06:33:43+02:00,False,2023-06-14T06:33:43+02:00
2023-06-16,False,2023-06-15T06:33:51+02:00,False,2023-06-15T06:33:51+02:00
2023-06-17,False,2023-06-16T06:34:56+02:00,False,2023-06-16T06:34:56+02:00
2023-06-18,False,2023-06-17T06:34:17+02:00,False,2023-06-17T06:34:17+02:00
2023-06-19,False,2023-06-18T06:33:27+02:00,False,2023-06-18T06:33:27+02:00
2023-06-20,False,2023-06-19T06:33:26+02:00,False,2023-06-19T06:33:26+02:00
2023-06-21,False,2023-06-20T06:33:53+02:00,False,2023-06-20T06:33:53+02:00
2023-06-22,False,2023-06-21T06:34:00+02:00,False,2023-06-21T06:34:00+02:00
2023-06-23,False,2023-06-22T06:33:50+02:00,False,2023-06-22T06:33:50+02:00
2023-06-24,False,2023-06-23T06:35:01+02:00,False,2023-06-23T06:35:01+02:00
2023-06-25,False,2023-06-24T06:34:41+02:00,False,2023-06-24T06:34:41+02:00
2023-06-26,False,2023-06-25T06:35:05+02:00,False,2023-06-25T06:35:05+02:00
2023-06-27,False,2023-06-26T06:34:44+02:00,False,2023-06-26T06:34:44+02:00
2023-06-28,False,2023-06-27T06:34:30+02:00,False,2023-06-27T06:34:30+02:00
2023-06-29,False,2023-06-28T06:34:35+02:00,False,2023-06-28T06:34:35+02:00
2023-06-30,False,2023-06-29T06:34:26+02:00,False,2023-06-29T06:34:26+02:00
2023-07-01,False,2023-06-30T06:33:43+02:00,False,2023-06-30T06:33:43+02:00
2023-07-02,False,2023-07-01T06:36:20+02:00,False,2023-07-01T06:36:20+02:00
2023-07-03,False,2023-07-02T06:32:13+02:00,False,2023-07-02T06:32:13+02:00
2023-07-04,False,2023-07-03T06:34:12+02:00,False,2023-07-03T06:34:12+02:00
2023-07-05,False,2023-07-04T06:34:49+02:00,False,2023-07-04T06:34:49+02:00
2023-07-06,False,2023-07-05T06:33:47+02:00,False,2023-07-05T06:33:47+02:00
2023-07-07,False,2023-07-06T06:33:58+02:00,False,2023-07-06T06:33:58+02:00
2023-07-08,False,2023-07-07T06:33:42+02:00,False,2023-07-07T06:33:42+02:00
2023-07-09,False,2023-07-08T06:32:37+02:00,False,2023-07-08T06:32:37+02:00
2023-07-10,False,2023-07-09T06:34:25+02:00,False,2023-07-09T06:34:25+02:00
2023-07-11,False,2023-07-10T06:33:53+02:00,False,2023-07-10T06:33:53+02:00
2023-07-12,False,2023-07-11T06:34:09+02:00,False,2023-07-11T06:34:09+02:00
2023-07-13,False,2023-07-12T06:33:42+02:00,False,2023-07-12T06:33:42+02:00
2023-07-14,False,2023-07-13T06:34:46+02:00,False,2023-07-13T06:34:46+02:00
2023-07-15,False,2023-07-14T06:33:32+02:00,False,2023-07-14T06:33:32+02:00
2023-07-16,False,2023-07-15T06:36:23+02:00,False,2023-07-15T06:36:23+02:00
2023-07-17,False,2023-07-16T06:34:03+02:00,False,2023-07-16T06:34:03+02:00
2023-07-18,False,2023-07-17T06:34:31+02:00,False,2023-07-17T06:34:31+02:00
2023-07-19,False,2023-07-18T06:33:38+02:00,False,2023-07-18T06:33:38+02:00
2023-07-20,False,2023-07-19T06:33:35+02:00,False,2023-07-19T06:33:35+02:00
2023-07-21,False,2023-07-20T06:33:40+02:00,False,2023-07-20T06:33:40+02:00
2023-07-22,False,2023-07-21T06:33:49+02:00,False,2023-07-21T06:33:49+02:00
2023-07-23,False,2023-07-22T06:34:50+02:00,False,2023-07-22T06:34:50+02:00
2023-07-24,False,2023-07-23T06:33:46+02:00,False,2023-07-23T06:33:46+02:00
2023-07-25,False,2023-07-24T06:34:29+02:00,False,2023-07-24T06:34:29+02:00
2023-07-26,False,2023-07-25T06:33:23+02:00,False,2023-07-25T06:33:23+02:00
2023-07-27,False,2023-07-26T06:33:30+02:00,False,2023-07-26T06:33:30+02:00
2023-07-28,False,2023-07-27T06:34:05+02:00,False,2023-07-27T06:34:05+02:00
2023-07-29,False,2023-07-28T06:35:24+02:00,False,2023-07-28T06:35:24+02:00
2023-07-30,False,2023-07-29T06:33:45+02:00,False,2023-07-29T06:33:45+02:00
2023-07-31,False,2023-07-30T06:33:25+02:00,False,2023-07-30T06:33:25+02:00
2023-08-01,False,2023-07-31T06:34:11+02:00,False,2023-07-31T06:34:11+02:00
2023-08-02,False,2023-08-01T06:33:22+02:00,False,2023-08-01T06:33:22+02:00
2023-08-03,False,2023-08-02T06:34:16+02:00,False,2023-08-02T06:34:16+02:00
2023-08-04,False,2023-08-03T06:33:47+02:00,False,2023-08-03T06:33:47+02:00
2023-08-05,False,2023-08-04T06:33:43+02:00,False,2023-08-04T06:33:43+02:00
2023-08-06,False,2023-08-05T06:32:12+02:00,False,2023-08-05T06:32:12+02:00
2023-08-07,False,2023-08-06T06:34:29+02:00,False,2023-08-06T06:34:29+02:00
2023-08-08,False,2023-08-07T06:33:18+02:00,False,2023-08-07T06:33:18+02:00
2023-08-09,False,2023-08-08T06:34:05+02:00,False,2023-08-08T06:34:05+02:00
2023-08-10,False,2023-08-09T06:33:51+02:00,False,2023-08-09T06:33:51+02:00
2023-08-11,False,2023-08-10T06:33:49+02:00,False,2023-08-10T06:33:49+02:00
2023-08-12,False,2023-08-11T06:33:31+02:00,False,2023-08-11T06:33:31+02:00
2023-08-13,False,2023-08-12T06:34:18+02:00,False,2023-08-12T06:34:18+02:00
2023-08-14,False,2023-08-13T06:33:26+02:00,False,2023-08-13T06:33:26+02:00
2023-08-15,False,2023-08-14T06:35:06+02:00,False,2023-08-14T06:35:06+02:00
2023-08-16,False,2023-08-15T06:34:53+02:00,False,2023-08-15T06:34:53+02:00
2023-08-17,False,2023-08-16T06:35:40+02:00,False,2023-08-16T06:35:40+02:00
2023-08-18,False,2023-08-17T06:33:34+02:00,False,2023-08-17T06:33:34+02:00
2023-08-19,False,2023-08-18T19:03:20+02:00,,
2023-08-20,False,2023-08-19T19:04:49+02:00,,
2023-08-21,False,2023-08-20T19:00:07+02:00,,
2023-08-22,False,2023-08-21T19:04:12+02:00,,
2023-08-23,False,2023-08-22T19:03:41+02:00,,
2023-08-24,False,2023-08-23T19:03:10+02:00,,
2023-08-25,False,2023-08-24T19:04:04+02:00,,
2023-08-26,False,2023-08-25T19:04:44+02:00,,
2023-08-27,False,2023-08-26T19:04:05+02:00,,
2023-08-28,False,2023-08-27T19:04:01+02:00,,
2023-08-29,False,2023-08-28T19:04:49+02:00,,
2023-08-30,False,2023-08-29T19:02:55+02:00,,
2023-08-31,False,2023-08-30T19:03:18+02:00,,
2023-09-01,False,2023-08-31T19:00:36+02:00,,
2023-09-02,False,2023-09-01T19:04:19+02:00,,
2023-09-03,False,2023-09-02T19:00:40+02:00,,
2023-09-04,False,2023-09-03T19:04:14+02:00,,
2023-09-05,False,2023-09-04T19:03:38+02:00,,
2023-09-06,False,2023-09-05T19:02:13+02:00,,
2023-09-07,False,2023-09-06T19:04:20+02:00,,
2023-09-08,False,2023-09-07T19:04:50+02:00,,
2023-09-09,False,2023-09-08T19:03:33+02:00,,
2023-09-10,False,2023-09-09T19:03:16+02:00,,
2023-09-11,False,2023-09-10T19:04:14+02:00,,
2023-09-12,False,2023-09-11T19:03:11+02:00,,
2023-09-13,False,2023-09-12T06:36:01+02:00,False,2023-09-12T06:36:01+02:00
2023-09-14,False,2023-09-13T06:35:09+02:00,False,2023-09-13T06:35:09+02:00
2023-09-15,False,2023-09-14T06:34:08+02:00,False,2023-09-14T06:34:08+02:00
2023-09-16,False,2023-09-15T06:34:36+02:00,False,2023-09-15T06:34:36+02:00
2023-09-17,False,2023-09-16T06:34:12+02:00,False,2023-09-16T06:34:12+02:00
2023-09-18,False,2023-09-17T06:35:44+02:00,False,2023-09-17T06:35:44+02:00
2023-09-19,False,2023-09-18T06:34:06+02:00,False,2023-09-18T06:34:06+02:00
2023-09-20,False,2023-09-19T06:31:55+02:00,False,2023-09-19T06:31:55+02:00
2023-09-21,False,2023-09-20T06:35:47+02:00,False,2023-09-20T06:35:47+02:00
2023-09-22,False,2023-09-21T06:31:25+02:00,False,2023-09-21T06:31:25+02:00
2023-09-23,False,2023-09-22T06:35:06+02:00,False,2023-09-22T06:35:06+02:00
2023-09-24,False,2023-09-23T06:31:22+02:00,False,2023-09-23T06:31:22+02:00
2023-09-25,False,2023-09-24T06:32:49+02:00,False,2023-09-24T06:32:49+02:00
2023-09-26,False,2023-09-25T06:35:12+02:00,False,2023-09-25T06:35:12+02:00
2023-09-27,False,2023-09-26T06:33:52+02:00,False,2023-09-26T06:33:52+02:00
2023-09-28,False,2023-09-27T06:35:18+02:00,False,2023-09-27T06:35:18+02:00
2023-09-29,False,2023-09-28T06:34:44+02:00,False,2023-09-28T06:34:44+02:00
2023-09-30,False,2023-09-29T06:35:06+02:00,False,2023-09-29T06:35:06+02:00
2023-10-01,False,2023-09-30T06:32:56+02:00,False,2023-09-30T06:32:56+02:00
2023-10-02,False,2023-10-01T06:35:35+02:00,False,2023-10-01T06:35:35+02:00
2023-10-03,False,2023-10-02T06:35:39+02:00,False,2023-10-02T06:35:39+02:00
2023-10-04,False,2023-10-03T06:32:05+02:00,False,2023-10-03T06:32:05+02:00
2023-10-05,False,2023-10-04T06:31:27+02:00,False,2023-10-04T06:31:27+02:00
2023-10-06,False,2023-10-05T06:31:39+02:00,False,2023-10-05T06:31:39+02:00
2023-10-07,False,2023-10-06T06:33:52+02:00,False,2023-10-06T06:33:52+02:00
2023-10-08,False,2023-10-07T06:33:22+02:00,False,2023-10-07T06:33:22+02:00
2023-10-09,False,2023-10-08T06:32:18+02:00,False,2023-10-08T06:32:18+02:00
2023-10-10,False,2023-10-09T06:32:13+02:00,False,2023-10-09T06:32:13+02:00
2023-10-11,False,2023-10-10T06:34:48+02:00,False,2023-10-10T06:34:48+02:00
2023-10-12,False,2023-10-11T06:34:09+02:00,False,2023-10-11T06:34:09+02:00
2023-10-13,False,2023-10-12T06:35:22+02:00,False,2023-10-12T06:35:22+02:00
2023-10-14,False,2023-10-13T06:35:05+02:00,False,2023-10-13T06:35:05+02:00
2023-10-15,False,2023-10-15T10:11:35+02:00,False,2023-10-15T10:11:35+02:00
2023-10-16,False,2023-10-15T10:11:35+02:00,,
2023-10-17,False,2023-10-16T06:34:50+02:00,False,2023-10-16T06:34:50+02:00
2023-10-18,False,2023-10-17T06:34:21+02:00,False,2023-10-17T06:34:21+02:00
2023-10-19,False,2023-10-18T06:34:53+02:00,False,2023-10-18T06:34:53+02:00
2023-10-20,False,2023-10-19T06:33:13+02:00,False,2023-10-19T06:33:13+02:00
2023-10-21,False,2023-10-20T06:33:27+02:00,False,2023-10-20T06:33:27+02:00
2023-10-22,False,2023-10-21T06:32:51+02:00,False,2023-10-21T06:32:51+02:00
2023-10-23,False,2023-10-22T06:33:45+02:00,False,2023-10-22T06:33:45+02:00
2023-10-24,False,2023-10-23T06:34:10+02:00,False,2023-10-23T06:34:10+02:00
2023-10-25,False,2023-10-24T06:32:38+02:00,False,2023-10-24T06:32:38+02:00
2023-10-26,False,2023-10-25T07:57:39+02:00,False,2023-10-25T07:57:39+02:00
2023-10-27,False,2023-10-26T08:02:55+02:00,False,2023-10-26T08:02:55+02:00
2023-10-28,False,2023-10-27T06:33:20+02:00,False,2023-10-27T06:33:20+02:00
2023-10-29,False,2023-10-29T06:54:31+01:00,False,2023-10-29T06:54:31+01:00
2023-10-30,False,2023-10-29T06:54:31+01:00,False,2023-10-29T06:54:31+01:00
2023-10-31,False,2023-10-30T06:33:29+01:00,False,2023-10-30T06:33:29+01:00
2023-11-01,False,2023-10-31T06:33:19+01:00,False,2023-10-31T06:33:19+01:00
2023-11-02,False,2023-11-01T06:34:52+01:00,False,2023-11-01T06:34:52+01:00
2023-11-03,False,2023-11-02T06:33:28+01:00,False,2023-11-02T06:33:28+01:00
2023-11-04,False,2023-11-03T06:33:25+01:00,False,2023-11-03T06:33:25+01:00
2023-11-05,False,2023-11-04T06:34:56+01:00,False,2023-11-04T06:34:56+01:00
2023-11-06,False,2023-11-05T06:36:14+01:00,False,2023-11-05T06:36:14+01:00
2023-11-07,False,2023-11-06T06:33:48+01:00,False,2023-11-06T06:33:48+01:00
2023-11-08,False,2023-11-07T06:34:11+01:00,False,2023-11-07T06:34:11+01:00
2023-11-09,False,2023-11-08T06:33:22+01:00,False,2023-11-08T06:33:22+01:00
2023-11-10,False,2023-11-09T06:34:19+01:00,False,2023-11-09T06:34:19+01:00
2023-11-11,False,2023-11-10T06:33:27+01:00,False,2023-11-10T06:33:27+01:00
2023-11-12,False,2023-11-11T06:34:16+01:00,False,2023-11-11T06:34:16+01:00
2023-11-13,False,2023-11-12T06:33:21+01:00,False,2023-11-12T06:33:21+01:00
2023-11-14,False,2023-11-13T06:33:38+01:00,False,2023-11-13T06:33:38+01:00
2023-11-15,False,2023-11-14T06:33:31+01:00,False,2023-11-14T06:33:31+01:00
2023-11-16,False,2023-11-15T06:33:53+01:00,False,2023-11-15T06:33:53+01:00
2023-11-17,False,2023-11-16T06:33:29+01:00,False,2023-11-16T06:33:29+01:00
2023-11-18,False,2023-11-17T06:33:23+01:00,False,2023-11-17T06:33:23+01:00
2023-11-19,False,2023-11-18T06:35:01+01:00,False,2023-11-18T06:35:01+01:00
2023-11-20,False,2023-11-19T06:33:24+01:00,False,2023-11-19T06:33:24+01:00
2023-11-21,False,2023-11-20T06:33:19+01:00,False,2023-11-20T06:33:19+01:00
2023-11-22,False,2023-11-21T06:34:18+01:00,False,2023-11-21T06:34:18+01:00
2023-11-23,False,2023-11-22T06:33:26+01:00,False,2023-11-22T06:33:26+01:00
2023-11-24,False,2023-11-23T06:33:21+01:00,False,2023-11-23T06:33:21+01:00
2023-11-25,False,2023-11-24T06:33:34+01:00,False,2023-11-24T06:33:34+01:00
2023-11-26,False,2023-11-25T06:34:49+01:00,False,2023-11-25T06:34:49+01:00
2023-11-27,False,2023-11-26T06:33:21+01:00,False,2023-11-26T06:33:21+01:00
2023-11-28,False,2023-11-27T06:33:35+01:00,False,2023-11-27T06:33:35+01:00
2023-11-29,True,2023-11-28T06:19:30+01:00,True,2023-11-28T06:19:30+01:00
2023-11-30,False,2023-11-29T06:33:35+01:00,True,2023-11-29T06:33:35+01:00
2023-12-01,False,2023-11-30T06:33:30+01:00,False,2023-11-30T06:33:30+01:00
2023-12-02,False,2023-12-01T06:34:37+01:00,False,2023-12-01T06:34:37+01:00
2023-12-03,False,2023-12-02T06:33:29+01:00,False,2023-12-02T06:33:29+01:00
2023-12-04,False,2023-12-03T06:34:17+01:00,True,2023-12-03T06:34:17+01:00
2023-12-05,False,2023-12-04T06:33:20+01:00,False,2023-12-04T06:33:20+01:00
2023-12-06,True,2023-12-05T06:18:48+01:00,True,2023-12-05T06:18:48+01:00
2023-12-07,False,2023-12-06T06:33:27+01:00,False,2023-12-06T06:33:27+01:00
2023-12-08,False,2023-12-07T06:34:34+01:00,False,2023-12-07T06:34:34+01:00
2023-12-09,False,2023-12-08T06:33:22+01:00,False,2023-12-08T06:33:22+01:00
2023-12-10,False,2023-12-09T06:34:05+01:00,False,2023-12-09T06:34:05+01:00
2023-12-11,False,2023-12-10T06:33:50+01:00,False,2023-12-10T06:33:50+01:00
2023-12-12,False,2023-12-11T08:18:31+01:00,False,2023-12-11T08:18:31+01:00
2023-12-13,False,2023-12-12T06:33:29+01:00,False,2023-12-12T06:33:29+01:00
2023-12-14,False,2023-12-13T06:33:31+01:00,False,2023-12-13T06:33:31+01:00
2023-12-15,False,2023-12-14T06:35:10+01:00,False,2023-12-14T06:35:10+01:00
2023-12-16,False,2023-12-15T06:34:20+01:00,False,2023-12-15T06:34:20+01:00
2023-12-17,False,2023-12-16T06:33:28+01:00,False,2023-12-16T06:33:28+01:00
2023-12-18,True,2023-12-17T06:18:36+01:00,True,2023-12-17T06:18:36+01:00
2023-12-19,False,2023-12-18T06:34:55+01:00,False,2023-12-18T06:34:55+01:00
2023-12-20,True,2023-12-19T06:18:47+01:00,True,2023-12-19T06:18:47+01:00
2023-12-21,False,2023-12-20T06:35:03+01:00,False,2023-12-20T06:35:03+01:00
2023-12-22,False,2023-12-21T06:35:02+01:00,False,2023-12-21T06:35:02+01:00
2023-12-23,False,2023-12-22T06:33:19+01:00,False,2023-12-22T06:33:19+01:00
2023-12-24,False,2023-12-23T06:36:04+01:00,False,2023-12-23T06:36:04+01:00
2023-12-25,False,2023-12-24T06:33:41+01:00,False,2023-12-24T06:33:41+01:00
2023-12-26,False,2023-12-25T06:33:23+01:00,False,2023-12-25T06:33:23+01:00
2023-12-27,False,2023-12-26T06:35:01+01:00,False,2023-12-26T06:35:01+01:00
2023-12-28,False,2023-12-27T06:35:11+01:00,False,2023-12-27T06:35:11+01:00
2023-12-29,False,2023-12-28T06:33:42+01:00,False,2023-12-28T06:33:42+01:00
2023-12-30,False,2023-12-29T06:35:15+01:00,False,2023-12-29T06:35:15+01:00
2023-12-31,False,2023-12-30T06:34:54+01:00,False,2023-12-30T06:34:54+01:00
2024-01-01,False,2023-12-31T06:33:21+01:00,False,2023-12-31T06:33:21+01:00
2024-01-02,False,2024-01-01T06:34:49+01:00,False,2024-01-01T06:34:49+01:00
2024-01-03,False,2024-01-02T06:33:36+01:00,False,2024-01-02T06:33:36+01:00
2024-01-04,False,2024-01-03T06:34:44+01:00,False,2024-01-03T06:34:44+01:00
2024-01-05,False,2024-01-04T06:33:18+01:00,False,2024-01-04T06:33:18+01:00
2024-01-06,False,2024-01-05T06:33:59+01:00,False,2024-01-05T06:33:59+01:00
2024-01-07,False,2024-01-06T06:34:34+01:00,False,2024-01-06T06:34:34+01:00
2024-01-08,True,2024-01-07T06:19:36+01:00,True,2024-01-07T06:19:36+01:00
2024-01-09,True,2024-01-09T06:17:00+01:00,True,2024-01-09T06:17:00+01:00
2024-01-10,True,2024-01-09T06:20:05+01:00,True,2024-01-09T06:20:05+01:00
2024-01-11,True,2024-01-10T06:19:25+01:00,True,2024-01-10T06:19:25+01:00
2024-01-12,True,2024-01-11T06:18:37+01:00,True,2024-01-11T06:18:37+01:00
2024-01-13,False,2024-01-12T06:33:34+01:00,False,2024-01-12T06:33:34+01:00
2024-01-14,False,2024-01-13T06:33:31+01:00,False,2024-01-13T06:33:31+01:00
2024-01-15,True,2024-01-14T06:20:01+01:00,True,2024-01-14T06:20:01+01:00
2024-01-16,True,2024-01-15T06:18:37+01:00,True,2024-01-15T06:18:37+01:00
2024-01-17,False,2024-01-16T06:33:30+01:00,False,2024-01-16T06:33:30+01:00
2024-01-18,False,2024-01-17T06:35:05+01:00,False,2024-01-17T06:35:05+01:00
2024-01-19,True,2024-01-18T06:19:43+01:00,True,2024-01-18T06:19:43+01:00
2024-01-20,False,2024-01-19T06:34:49+01:00,False,2024-01-19T06:34:49+01:00
2024-01-21,False,2024-01-20T06:38:41+01:00,False,2024-01-20T06:38:41+01:00
2024-01-22,False,2024-01-21T06:35:05+01:00,False,2024-01-21T06:35:05+01:00
2024-01-23,False,2024-01-22T06:34:47+01:00,False,2024-01-22T06:34:47+01:00
2024-01-24,False,2024-01-23T06:33:36+01:00,False,2024-01-23T06:33:36+01:00
2024-01-25,False,2024-01-24T06:34:30+01:00,False,2024-01-24T06:34:30+01:00
2024-01-26,False,2024-01-25T06:33:59+01:00,False,2024-01-25T06:33:59+01:00
2024-01-27,False,2024-01-26T06:33:49+01:00,False,2024-01-26T06:33:49+01:00
2024-01-28,False,2024-01-27T06:34:41+01:00,False,2024-01-27T06:34:41+01:00
2024-01-29,False,2024-01-28T06:33:33+01:00,False,2024-01-28T06:33:33+01:00
2024-01-30,False,2024-01-29T06:34:24+01:00,False,2024-01-29T06:34:24+01:00
2024-01-31,False,2024-01-30T06:33:35+01:00,False,2024-01-30T06:33:35+01:00
2024-02-01,False,2024-01-31T06:34:56+01:00,False,2024-01-31T06:34:56+01:00
2024-02-02,False,2024-02-01T06:33:37+01:00,False,2024-02-01T06:33:37+01:00
2024-02-03,False,2024-02-02T06:33:31+01:00,False,2024-02-02T06:33:31+01:00
2024-02-04,False,2024-02-03T06:33:45+01:00,False,2024-02-03T06:33:45+01:00
2024-02-05,False,2024-02-04T06:34:01+01:00,False,2024-02-04T06:34:01+01:00
2024-02-06,False,2024-02-05T06:33:28+01:00,False,2024-02-05T06:33:28+01:00
2024-02-07,False,2024-02-06T06:34:03+01:00,False,2024-02-06T06:34:03+01:00
2024-02-08,False,2024-02-07T06:33:41+01:00,False,2024-02-07T06:33:41+01:00
2024-02-09,False,2024-02-08T06:34:45+01:00,False,2024-02-08T06:34:45+01:00
2024-02-10,False,2024-02-09T06:34:34+01:00,False,2024-02-09T06:34:34+01:00
2024-02-11,False,2024-02-10T06:33:45+01:00,False,2024-02-10T06:33:45+01:00
2024-02-12,False,2024-02-11T06:34:33+01:00,False,2024-02-11T06:34:33+01:00
2024-02-13,False,2024-02-12T06:34:11+01:00,False,2024-02-12T06:34:11+01:00
2024-02-14,False,2024-02-13T06:34:18+01:00,False,2024-02-13T06:34:18+01:00
2024-02-15,False,2024-02-14T06:34:01+01:00,False,2024-02-14T06:34:01+01:00
2024-02-16,False,2024-02-15T06:34:20+01:00,False,2024-02-15T06:34:20+01:00
2024-02-17,False,2024-02-16T06:33:31+01:00,False,2024-02-16T06:33:31+01:00
2024-02-18,False,2024-02-17T06:34:08+01:00,False,2024-02-17T06:34:08+01:00
2024-02-19,False,2024-02-18T06:33:33+01:00,False,2024-02-18T06:33:33+01:00
2024-02-20,False,2024-02-19T13:20:23+01:00,False,2024-02-19T13:20:23+01:00
2024-02-21,False,2024-02-20T06:33:28+01:00,False,2024-02-20T06:33:28+01:00
2024-02-22,False,2024-02-21T06:34:19+01:00,False,2024-02-21T06:34:19+01:00
2024-02-23,False,2024-02-22T06:33:27+01:00,False,2024-02-22T06:33:27+01:00
2024-02-24,False,2024-02-23T06:34:56+01:00,False,2024-02-23T06:34:56+01:00
2024-02-25,False,2024-02-24T06:35:15+01:00,False,2024-02-24T06:35:15+01:00
2024-02-26,False,2024-02-25T06:32:58+01:00,False,2024-02-25T06:32:58+01:00
2024-02-27,False,2024-02-26T06:34:26+01:00,False,2024-02-26T06:34:26+01:00
2024-02-28,False,2024-02-27T06:35:06+01:00,False,2024-02-27T06:35:06+01:00
2024-02-29,False,2024-02-28T06:35:09+01:00,False,2024-02-28T06:35:09+01:00
2024-03-01,False,2024-02-29T06:34:50+01:00,False,2024-02-29T06:34:50+01:00
2024-03-02,False,2024-03-01T06:35:01+01:00,False,2024-03-01T06:35:01+01:00
2024-03-03,False,2024-03-02T06:34:20+01:00,False,2024-03-02T06:34:20+01:00
2024-03-04,True,2024-03-03T06:19:50+01:00,True,2024-03-03T06:19:50+01:00
2024-03-05,False,2024-03-04T06:34:38+01:00,False,2024-03-04T06:34:38+01:00
2024-03-06,True,2024-03-05T06:19:50+01:00,True,2024-03-05T06:19:50+01:00
2024-03-07,True,2024-03-06T06:20:00+01:00,True,2024-03-06T06:20:00+01:00
2024-03-08,False,2024-03-07T06:34:43+01:00,False,2024-03-07T06:34:43+01:00
2024-03-09,False,2024-03-08T06:35:11+01:00,False,2024-03-08T06:35:11+01:00
2024-03-10,False,2024-03-09T06:34:38+01:00,False,2024-03-09T06:34:38+01:00
2024-03-11,False,2024-03-10T06:33:48+01:00,False,2024-03-10T06:33:48+01:00
2024-03-12,False,2024-03-11T06:34:22+01:00,False,2024-03-11T06:34:22+01:00
2024-03-13,False,2024-03-12T06:34:43+01:00,False,2024-03-12T06:34:43+01:00
2024-03-14,False,2024-03-13T06:34:51+01:00,False,2024-03-13T06:34:51+01:00
2024-03-15,False,2024-03-14T06:34:52+01:00,False,2024-03-14T06:34:52+01:00
2024-03-16,False,2024-03-15T06:34:52+01:00,False,2024-03-15T06:34:52+01:00
2024-03-17,False,2024-03-16T06:33:10+01:00,False,2024-03-16T06:33:10+01:00
2024-03-18,False,2024-03-17T06:35:12+01:00,False,2024-03-17T06:35:12+01:00
2024-03-19,False,2024-03-18T06:34:25+01:00,False,2024-03-18T06:34:25+01:00
2024-03-20,False,2024-03-19T06:35:05+01:00,False,2024-03-19T06:35:05+01:00
2024-03-21,False,2024-03-20T06:35:00+01:00,False,2024-03-20T06:35:00+01:00
2024-03-22,False,2024-03-21T06:34:59+01:00,False,2024-03-21T06:34:59+01:00
2024-03-23,False,2024-03-22T06:33:44+01:00,False,2024-03-22T06:33:44+01:00
2024-03-24,False,2024-03-23T06:34:47+01:00,False,2024-03-23T06:34:47+01:00
2024-03-25,False,2024-03-24T06:33:33+01:00,False,2024-03-24T06:33:33+01:00
2024-03-26,False,2024-03-25T06:35:15+01:00,False,2024-03-25T06:35:15+01:00
2024-03-27,False,2024-03-26T06:33:35+01:00,False,2024-03-26T06:33:35+01:00
2024-03-28,False,2024-03-27T06:35:03+01:00,False,2024-03-27T06:35:03+01:00
2024-03-29,False,2024-03-28T06:33:47+01:00,False,2024-03-28T06:33:47+01:00
2024-03-30,False,2024-03-29T06:33:28+01:00,False,2024-03-29T06:33:28+01:00
2024-03-31,False,2024-03-30T06:35:07+01:00,False,2024-03-30T06:35:07+01:00
2024-04-01,False,2024-03-31T06:33:39+02:00,False,2024-03-31T06:33:39+02:00
2024-04-02,False,2024-04-01T06:35:01+02:00,False,2024-04-01T06:35:01+02:00
2024-04-03,False,2024-04-02T06:34:20+02:00,False,2024-04-02T06:34:20+02:00
2024-04-04,False,2024-04-03T06:35:07+02:00,False,2024-04-03T06:35:07+02:00
2024-04-05,False,2024-04-04T06:35:19+02:00,False,2024-04-04T06:35:19+02:00
2024-04-06,False,2024-04-05T06:33:49+02:00,False,2024-04-05T06:33:49+02:00
2024-04-07,False,2024-04-06T06:35:11+02:00,False,2024-04-06T06:35:11+02:00
2024-04-08,False,2024-04-07T06:33:38+02:00,False,2024-04-07T06:33:38+02:00
2024-04-09,False,2024-04-08T06:35:09+02:00,False,2024-04-08T06:35:09+02:00
2024-04-10,False,2024-04-09T06:35:08+02:00,False,2024-04-09T06:35:08+02:00
2024-04-11,False,2024-04-10T06:35:10+02:00,False,2024-04-10T06:35:10+02:00
2024-04-12,False,2024-04-11T06:33:04+02:00,False,2024-04-11T06:33:04+02:00
2024-04-13,False,2024-04-12T06:34:37+02:00,False,2024-04-12T06:34:37+02:00
2024-04-14,False,2024-04-13T06:34:11+02:00,False,2024-04-13T06:34:11+02:00
2024-04-15,False,2024-04-14T06:34:52+02:00,False,2024-04-14T06:34:52+02:00
2024-04-16,False,2024-04-15T06:34:44+02:00,False,2024-04-15T06:34:44+02:00
2024-04-17,False,2024-04-16T06:33:20+02:00,False,2024-04-16T06:33:20+02:00
2024-04-18,False,2024-04-17T06:34:46+02:00,False,2024-04-17T06:34:46+02:00
2024-04-19,False,2024-04-18T06:33:08+02:00,False,2024-04-18T06:33:08+02:00
2024-04-20,False,2024-04-19T06:35:05+02:00,False,2024-04-19T06:35:05+02:00
2024-04-21,False,2024-04-20T06:33:19+02:00,False,2024-04-20T06:33:19+02:00
2024-04-22,False,2024-04-21T06:33:56+02:00,False,2024-04-21T06:33:56+02:00
2024-04-23,False,2024-04-22T06:33:29+02:00,False,2024-04-22T06:33:29+02:00
2024-04-24,False,2024-04-23T06:33:59+02:00,False,2024-04-23T06:33:59+02:00
2024-04-25,False,2024-04-24T06:34:01+02:00,False,2024-04-24T06:34:01+02:00
2024-04-26,False,2024-04-25T06:34:07+02:00,False,2024-04-25T06:34:07+02:00
2024-04-27,False,2024-04-26T06:33:18+02:00,False,2024-04-26T06:33:18+02:00
2024-04-28,False,2024-04-27T06:33:20+02:00,False,2024-04-27T06:33:20+02:00
2024-04-29,False,2024-04-28T06:33:36+02:00,False,2024-04-28T06:33:36+02:00
2024-04-30,False,2024-04-29T06:33:12+02:00,False,2024-04-29T06:33:12+02:00
2024-05-01,False,2024-04-30T06:33:54+02:00,False,2024-04-30T06:33:54+02:00
2024-05-02,False,2024-05-01T06:35:14+02:00,False,2024-05-01T06:35:14+02:00
2024-05-03,False,2024-05-02T06:35:11+02:00,False,2024-05-02T06:35:11+02:00
2024-05-04,False,2024-05-03T06:34:29+02:00,False,2024-05-03T06:34:29+02:00
2024-05-05,False,2024-05-04T06:34:25+02:00,False,2024-05-04T06:34:25+02:00
2024-05-06,False,2024-05-05T06:33:33+02:00,False,2024-05-05T06:33:33+02:00
2024-05-07,False,2024-05-06T06:33:08+02:00,False,2024-05-06T06:33:08+02:00
2024-05-08,False,2024-05-07T06:35:05+02:00,False,2024-05-07T06:35:05+02:00
2024-05-09,False,2024-05-08T06:34:19+02:00,False,2024-05-08T06:34:19+02:00
2024-05-10,False,2024-05-09T06:33:26+02:00,False,2024-05-09T06:33:26+02:00
2024-05-11,False,2024-05-10T06:33:02+02:00,False,2024-05-10T06:33:02+02:00
2024-05-12,False,2024-05-11T06:33:54+02:00,False,2024-05-11T06:33:54+02:00
2024-05-13,False,2024-05-12T06:33:59+02:00,False,2024-05-12T06:33:59+02:00
2024-05-14,False,2024-05-13T06:33:44+02:00,False,2024-05-13T06:33:44+02:00
2024-05-15,False,2024-05-14T06:33:24+02:00,False,2024-05-14T06:33:24+02:00
2024-05-16,False,2024-05-15T06:33:05+02:00,False,2024-05-15T06:33:05+02:00
2024-05-17,False,2024-05-16T09:19:33+02:00,False,2024-05-16T09:19:33+02:00
2024-05-18,False,2024-05-17T06:33:27+02:00,False,2024-05-17T06:33:27+02:00
2024-05-19,False,2024-05-18T06:33:35+02:00,False,2024-05-18T06:33:35+02:00
2024-05-20,False,2024-05-19T06:33:24+02:00,False,2024-05-19T06:33:24+02:00
2024-05-21,False,2024-05-20T06:33:43+02:00,False,2024-05-20T06:33:43+02:00
2024-05-22,False,2024-05-21T06:33:26+02:00,False,2024-05-21T06:33:26+02:00
2024-05-23,False,2024-05-22T06:33:15+02:00,False,2024-05-22T06:33:15+02:00
2024-05-24,False,2024-05-23T06:33:33+02:00,False,2024-05-23T06:33:33+02:00
2024-05-25,False,2024-05-24T06:34:41+02:00,False,2024-05-24T06:34:41+02:00
2024-05-26,False,2024-05-25T06:34:08+02:00,False,2024-05-25T06:34:08+02:00
2024-05-27,False,2024-05-26T06:33:23+02:00,False,2024-05-26T06:33:23+02:00
2024-05-28,False,2024-05-27T06:33:24+02:00,False,2024-05-27T06:33:24+02:00
2024-05-29,False,2024-05-28T06:33:29+02:00,False,2024-05-28T06:33:29+02:00
2024-05-30,False,2024-05-29T06:33:01+02:00,False,2024-05-29T06:33:01+02:00
2024-05-31,False,2024-05-30T06:33:23+02:00,False,2024-05-30T06:33:23+02:00
2024-06-01,False,2024-05-31T06:33:50+02:00,False,2024-05-31T06:33:50+02:00
2024-06-02,False,2024-06-01T06:33:50+02:00,False,2024-06-01T06:33:50+02:00
2024-06-03,False,2024-06-02T06:34:39+02:00,False,2024-06-02T06:34:39+02:00
2024-06-04,False,2024-06-03T06:35:09+02:00,False,2024-06-03T06:35:09+02:00
2024-06-05,False,2024-06-04T06:33:24+02:00,False,2024-06-04T06:33:24+02:00
2024-06-06,False,2024-06-05T06:34:58+02:00,False,2024-06-05T06:34:58+02:00
2024-06-07,False,2024-06-06T06:33:22+02:00,False,2024-06-06T06:33:22+02:00
2024-06-08,False,2024-06-07T06:34:09+02:00,False,2024-06-07T06:34:09+02:00
2024-06-09,False,2024-06-08T06:34:36+02:00,False,2024-06-08T06:34:36+02:00
2024-06-10,False,2024-06-09T06:34:44+02:00,False,2024-06-09T06:34:44+02:00
2024-06-11,False,2024-06-10T06:33:44+02:00,False,2024-06-10T06:33:44+02:00
2024-06-12,False,2024-06-11T06:33:24+02:00,False,2024-06-11T06:33:24+02:00
2024-06-13,False,2024-06-12T06:35:28+02:00,False,2024-06-12T06:35:28+02:00
2024-06-14,False,2024-06-13T06:33:41+02:00,False,2024-06-13T06:33:41+02:00
2024-06-15,False,2024-06-14T06:33:41+02:00,False,2024-06-14T06:33:41+02:00
2024-06-16,False,2024-06-15T06:34:37+02:00,False,2024-06-15T06:34:37+02:00
2024-06-17,False,2024-06-16T06:33:33+02:00,False,2024-06-16T06:33:33+02:00
2024-06-18,False,2024-06-17T06:34:11+02:00,False,2024-06-17T06:34:11+02:00
2024-06-19,False,2024-06-18T06:33:43+02:00,False,2024-06-18T06:33:43+02:00
2024-06-20,False,2024-06-19T06:33:45+02:00,False,2024-06-19T06:33:45+02:00
2024-06-21,False,2024-06-20T06:33:56+02:00,False,2024-06-20T06:33:56+02:00
2024-06-22,False,2024-06-21T06:33:47+02:00,False,2024-06-21T06:33:47+02:00
2024-06-23,False,2024-06-22T06:33:58+02:00,False,2024-06-22T06:33:58+02:00
2024-06-24,False,2024-06-23T06:33:42+02:00,False,2024-06-23T06:33:42+02:00
2024-06-25,False,2024-06-24T06:33:53+02:00,False,2024-06-24T06:33:53+02:00
2024-06-26,False,2024-06-25T06:33:50+02:00,False,2024-06-25T06:33:50+02:00
2024-06-27,False,2024-06-26T06:34:19+02:00,False,2024-06-26T06:34:19+02:00
2024-06-28,False,2024-06-27T06:33:45+02:00,False,2024-06-27T06:33:45+02:00
2024-06-29,False,2024-06-28T06:34:15+02:00,False,2024-06-28T06:34:15+02:00
2024-06-30,False,2024-06-29T06:33:51+02:00,False,2024-06-29T06:33:51+02:00
2024-07-01,False,2024-06-30T06:35:19+02:00,False,2024-06-30T06:35:19+02:00
2024-07-02,False,2024-07-01T06:33:26+02:00,False,2024-07-01T06:33:26+02:00
2024-07-03,False,2024-07-02T06:35:20+02:00,False,2024-07-02T06:35:20+02:00
2024-07-04,False,2024-07-03T06:33:07+02:00,False,2024-07-03T06:33:07+02:00
2024-07-05,False,2024-07-04T06:33:50+02:00,False,2024-07-04T06:33:50+02:00
2024-07-06,False,2024-07-05T06:33:36+02:00,False,2024-07-05T06:33:36+02:00
2024-07-07,False,2024-07-06T06:35:29+02:00,False,2024-07-06T06:35:29+02:00
2024-07-08,False,2024-07-07T06:34:06+02:00,False,2024-07-07T06:34:06+02:00
2024-07-09,False,2024-07-08T06:33:49+02:00,False,2024-07-08T06:33:49+02:00
2024-07-10,False,2024-07-09T06:33:46+02:00,False,2024-07-09T06:33:46+02:00
2024-07-11,False,2024-07-10T07:35:00+02:00,False,2024-07-10T07:35:00+02:00
2024-07-12,False,2024-07-11T09:51:39+02:00,,
2024-07-13,False,2024-07-12T06:33:35+02:00,False,2024-07-12T06:33:35+02:00
2024-07-14,False,2024-07-13T07:54:20+02:00,False,2024-07-13T07:54:20+02:00
2024-07-15,False,2024-07-14T06:33:03+02:00,False,2024-07-14T06:33:03+02:00
2024-07-16,False,2024-07-15T06:33:33+02:00,False,2024-07-15T06:33:33+02:00
2024-07-17,False,2024-07-16T06:33:32+02:00,False,2024-07-16T06:33:32+02:00
2024-07-18,False,2024-07-17T06:34:12+02:00,False,2024-07-17T06:34:12+02:00
2024-07-19,False,2024-07-18T06:34:02+02:00,False,2024-07-18T06:34:02+02:00
2024-07-20,False,2024-07-19T06:33:37+02:00,False,2024-07-19T06:33:37+02:00
2024-07-21,False,2024-07-20T06:34:37+02:00,False,2024-07-20T06:34:37+02:00
2024-07-22,False,2024-07-21T06:34:18+02:00,False,2024-07-21T06:34:18+02:00
2024-07-23,False,2024-07-22T06:35:07+02:00,False,2024-07-22T06:35:07+02:00
2024-07-24,False,2024-07-23T06:33:04+02:00,False,2024-07-23T06:33:04+02:00
2024-07-25,False,2024-07-24T06:33:47+02:00,False,2024-07-24T06:33:47+02:00
2024-07-26,False,2024-07-25T06:33:30+02:00,False,2024-07-25T06:33:30+02:00
2024-07-27,False,2024-07-26T06:34:13+02:00,False,2024-07-26T06:34:13+02:00
2024-07-28,False,2024-07-27T06:35:04+02:00,False,2024-07-27T06:35:04+02:00
2024-07-29,False,2024-07-28T06:33:18+02:00,False,2024-07-28T06:33:18+02:00
2024-07-30,False,2024-07-29T06:33:30+02:00,False,2024-07-29T06:33:30+02:00
2024-07-31,False,2024-07-30T06:34:37+02:00,False,2024-07-30T06:34:37+02:00
2024-08-01,False,2024-07-31T06:33:30+02:00,False,2024-07-31T06:33:30+02:00
2024-08-02,False,2024-08-01T06:33:20+02:00,False,2024-08-01T06:33:20+02:00
2024-08-03,False,2024-08-02T06:33:22+02:00,False,2024-08-02T06:33:22+02:00
2024-08-04,False,2024-08-03T06:34:44+02:00,False,2024-08-03T06:34:44+02:00
2024-08-05,False,2024-08-04T06:33:36+02:00,False,2024-08-04T06:33:36+02:00
2024-08-06,False,2024-08-05T06:34:11+02:00,False,2024-08-05T06:34:11+02:00
2024-08-07,False,2024-08-06T06:33:18+02:00,False,2024-08-06T06:33:18+02:00
2024-08-08,False,2024-08-07T06:34:38+02:00,False,2024-08-07T06:34:38+02:00
2024-08-09,False,2024-08-08T06:33:19+02:00,False,2024-08-08T06:33:19+02:00
2024-08-10,False,2024-08-09T06:34:21+02:00,False,2024-08-09T06:34:21+02:00
2024-08-11,False,2024-08-10T06:34:12+02:00,False,2024-08-10T06:34:12+02:00
2024-08-12,False,2024-08-11T06:33:20+02:00,False,2024-08-11T06:33:20+02:00
2024-08-13,False,2024-08-12T06:33:19+02:00,False,2024-08-12T06:33:19+02:00
2024-08-14,False,2024-08-13T06:33:18+02:00,False,2024-08-13T06:33:18+02:00
2024-08-15,False,2024-08-14T06:33:10+02:00,False,2024-08-14T06:33:10+02:00
2024-08-16,False,2024-08-15T06:35:16+02:00,False,2024-08-15T06:35:16+02:00
2024-08-17,False,2024-08-16T06:33:26+02:00,False,2024-08-16T06:33:26+02:00
2024-08-18,False,2024-08-17T06:34:11+02:00,False,2024-08-17T06:34:11+02:00
2024-08-19,False,2024-08-18T06:34:08+02:00,False,2024-08-18T06:34:08+02:00
2024-08-20,False,2024-08-19T06:33:38+02:00,False,2024-08-19T06:33:38+02:00
2024-08-21,False,2024-08-20T06:33:21+02:00,False,2024-08-20T06:33:21+02:00
2024-08-22,False,2024-08-21T06:33:39+02:00,False,2024-08-21T06:33:39+02:00
2024-08-23,False,2024-08-22T06:33:17+02:00,False,2024-08-22T06:33:17+02:00
2024-08-24,False,2024-08-23T06:33:23+02:00,False,2024-08-23T06:33:23+02:00
2024-08-25,False,2024-08-24T06:33:08+02:00,False,2024-08-24T06:33:08+02:00
2024-08-26,False,2024-08-25T06:33:24+02:00,False,2024-08-25T06:33:24+02:00
2024-08-27,False,2024-08-26T06:33:26+02:00,False,2024-08-26T06:33:26+02:00
2024-08-28,False,2024-08-27T06:35:04+02:00,False,2024-08-27T06:35:04+02:00
2024-08-29,False,2024-08-28T06:33:29+02:00,False,2024-08-28T06:33:29+02:00
2024-08-30,False,2024-08-29T06:33:22+02:00,False,2024-08-29T06:33:22+02:00
2024-08-31,False,2024-08-30T06:34:55+02:00,False,2024-08-30T06:34:55+02:00
2024-09-01,False,2024-08-31T06:33:45+02:00,False,2024-08-31T06:33:45+02:00
2024-09-02,False,2024-09-01T06:33:49+02:00,False,2024-09-01T06:33:49+02:00
2024-09-03,False,2024-09-02T06:33:32+02:00,False,2024-09-02T06:33:32+02:00
2024-09-04,False,2024-09-03T06:35:04+02:00,False,2024-09-03T06:35:04+02:00
2024-09-05,False,2024-09-04T06:34:14+02:00,False,2024-09-04T06:34:14+02:00
2024-09-06,False,2024-09-05T06:34:52+02:00,False,2024-09-05T06:34:52+02:00
2024-09-07,False,2024-09-06T06:34:54+02:00,False,2024-09-06T06:34:54+02:00
2024-09-08,False,2024-09-07T06:33:30+02:00,False,2024-09-07T06:33:30+02:00
2024-09-09,False,2024-09-08T06:33:19+02:00,False,2024-09-08T06:33:19+02:00
2024-09-10,False,2024-09-09T06:33:22+02:00,False,2024-09-09T06:33:22+02:00
2024-09-11,False,2024-09-10T06:35:00+02:00,False,2024-09-10T06:35:00+02:00
2024-09-12,False,2024-09-11T06:33:29+02:00,False,2024-09-11T06:33:29+02:00
2024-09-13,False,2024-09-12T06:33:30+02:00,False,2024-09-12T06:33:30+02:00
2024-09-14,False,2024-09-13T06:34:39+02:00,False,2024-09-13T06:34:39+02:00
2024-09-15,False,2024-09-14T06:33:32+02:00,False,2024-09-14T06:33:32+02:00
2024-09-16,False,2024-09-15T06:34:38+02:00,False,2024-09-15T06:34:38+02:00
2024-09-17,False,2024-09-16T06:34:29+02:00,False,2024-09-16T06:34:29+02:00
2024-09-18,False,2024-09-17T06:33:29+02:00,False,2024-09-17T06:33:29+02:00
2024-09-19,False,2024-09-18T06:33:13+02:00,False,2024-09-18T06:33:13+02:00
2024-09-20,False,2024-09-19T06:33:24+02:00,False,2024-09-19T06:33:24+02:00
2024-09-21,False,2024-09-20T06:33:22+02:00,False,2024-09-20T06:33:22+02:00
2024-09-22,False,2024-09-21T06:33:23+02:00,False,2024-09-21T06:33:23+02:00
2024-09-23,False,2024-09-22T06:33:22+02:00,False,2024-09-22T06:33:22+02:00
2024-09-24,False,2024-09-23T06:33:25+02:00,False,2024-09-23T06:33:25+02:00
2024-09-25,False,2024-09-24T06:34:08+02:00,False,2024-09-24T06:34:08+02:00
2024-09-26,False,2024-09-25T06:33:24+02:00,False,2024-09-25T06:33:24+02:00
2024-09-27,False,2024-09-26T06:33:51+02:00,False,2024-09-26T06:33:51+02:00
2024-09-28,False,2024-09-27T06:35:09+02:00,False,2024-09-27T06:35:09+02:00
2024-09-29,False,2024-09-28T06:33:29+02:00,False,2024-09-28T06:33:29+02:00
2024-09-30,False,2024-09-29T06:33:06+02:00,False,2024-09-29T06:33:06+02:00
2024-10-01,False,2024-09-30T06:34:46+02:00,False,2024-09-30T06:34:46+02:00
2024-10-02,False,2024-10-01T06:33:25+02:00,False,2024-10-01T06:33:25+02:00
2024-10-03,False,2024-10-02T06:34:54+02:00,False,2024-10-02T06:34:54+02:00
2024-10-04,False,2024-10-03T06:33:25+02:00,False,2024-10-03T06:33:25+02:00
2024-10-05,False,2024-10-04T06:32:59+02:00,False,2024-10-04T06:32:59+02:00
2024-10-06,False,2024-10-05T06:33:44+02:00,False,2024-10-05T06:33:44+02:00
2024-10-07,False,2024-10-06T06:32:59+02:00,False,2024-10-06T06:32:59+02:00
2024-10-08,False,2024-10-07T06:33:15+02:00,False,2024-10-07T06:33:15+02:00
2024-10-09,False,2024-10-08T06:34:59+02:00,False,2024-10-08T06:34:59+02:00
2024-10-10,False,2024-10-09T06:33:24+02:00,False,2024-10-09T06:33:24+02:00
2024-10-11,False,2024-10-10T06:33:37+02:00,False,2024-10-10T06:33:37+02:00
2024-10-12,False,2024-10-11T06:33:32+02:00,False,2024-10-11T06:33:32+02:00
2024-10-13,False,2024-10-12T06:32:22+02:00,False,2024-10-12T06:32:22+02:00
2024-10-14,False,2024-10-13T06:32:38+02:00,False,2024-10-13T06:32:38+02:00
2024-10-15,False,2024-10-14T06:34:11+02:00,False,2024-10-14T06:34:11+02:00
2024-10-16,False,2024-10-15T06:35:01+02:00,False,2024-10-15T06:35:01+02:00
2024-10-17,False,2024-10-16T06:33:21+02:00,False,2024-10-16T06:33:21+02:00
2024-10-18,False,2024-10-17T06:34:52+02:00,False,2024-10-17T06:34:52+02:00
2024-10-19,False,2024-10-18T06:35:17+02:00,False,2024-10-18T06:35:17+02:00
2024-10-20,False,2024-10-19T06:33:22+02:00,False,2024-10-19T06:33:22+02:00
2024-10-21,False,2024-10-20T06:34:30+02:00,False,2024-10-20T06:34:30+02:00
2024-10-22,False,2024-10-21T06:33:26+02:00,False,2024-10-21T06:33:26+02:00
2024-10-23,False,2024-10-22T06:34:10+02:00,False,2024-10-22T06:34:10+02:00
2024-10-24,False,2024-10-23T06:33:21+02:00,False,2024-10-23T06:33:21+02:00
2024-10-25,False,2024-10-24T06:34:30+02:00,False,2024-10-24T06:34:30+02:00
2024-10-26,False,2024-10-25T06:33:26+02:00,False,2024-10-25T06:33:26+02:00
2024-10-27,False,2024-10-26T06:33:27+02:00,False,2024-10-26T06:33:27+02:00
2024-10-28,False,2024-10-27T06:34:47+01:00,False,2024-10-27T06:34:47+01:00
2024-10-29,False,2024-10-28T06:33:33+01:00,False,2024-10-28T06:33:33+01:00
2024-10-30,False,2024-10-29T06:34:56+01:00,False,2024-10-29T06:34:56+01:00
2024-10-31,False,2024-10-30T06:34:43+01:00,False,2024-10-30T06:34:43+01:00
2024-11-01,False,2024-10-31T06:33:33+01:00,False,2024-10-31T06:33:33+01:00
2024-11-02,False,2024-11-01T06:33:18+01:00,False,2024-11-01T06:33:18+01:00
2024-11-03,False,2024-11-02T06:33:29+01:00,False,2024-11-02T06:33:29+01:00
2024-11-04,False,2024-11-03T06:33:28+01:00,False,2024-11-03T06:33:28+01:00
2024-11-05,False,2024-11-04T06:33:21+01:00,False,2024-11-04T06:33:21+01:00
2024-11-06,False,2024-11-05T06:33:08+01:00,False,2024-11-05T06:33:08+01:00
2024-11-07,False,2024-11-06T06:32:58+01:00,False,2024-11-06T06:32:58+01:00
2024-11-08,False,2024-11-07T06:33:39+01:00,False,2024-11-07T06:33:39+01:00
2024-11-09,False,2024-11-08T06:32:57+01:00,False,2024-11-08T06:32:57+01:00
2024-11-10,False,2024-11-09T06:35:10+01:00,False,2024-11-09T06:35:10+01:00
2024-11-11,False,2024-11-10T06:34:07+01:00,False,2024-11-10T06:34:07+01:00
2024-11-12,False,2024-11-11T06:33:29+01:00,False,2024-11-11T06:33:29+01:00
2024-11-13,False,2024-11-12T06:35:09+01:00,False,2024-11-12T06:35:09+01:00
2024-11-14,False,2024-11-13T06:33:57+01:00,False,2024-11-13T06:33:57+01:00
2024-11-15,False,2024-11-14T06:33:31+01:00,False,2024-11-14T06:33:31+01:00
2024-11-16,False,2024-11-15T06:34:42+01:00,False,2024-11-15T06:34:42+01:00
2024-11-17,False,2024-11-16T06:33:28+01:00,False,2024-11-16T06:33:28+01:00
2024-11-18,False,2024-11-17T06:33:38+01:00,False,2024-11-17T06:33:38+01:00
2024-11-19,False,2024-11-18T06:33:26+01:00,False,2024-11-18T06:33:26+01:00
2024-11-20,False,2024-11-19T06:33:37+01:00,False,2024-11-19T06:33:37+01:00
2024-11-21,False,2024-11-20T06:33:35+01:00,False,2024-11-20T06:33:35+01:00
2024-11-22,False,2024-11-21T06:33:16+01:00,False,2024-11-21T06:33:16+01:00
2024-11-23,False,2024-11-22T06:33:20+01:00,False,2024-11-22T06:33:20+01:00
2024-11-24,False,2024-11-23T06:33:45+01:00,False,2024-11-23T06:33:45+01:00
2024-11-25,False,2024-11-24T06:33:54+01:00,False,2024-11-24T06:33:54+01:00
2024-11-26,False,2024-11-25T06:33:52+01:00,False,2024-11-25T06:33:52+01:00
2024-11-27,False,2024-11-26T06:33:53+01:00,False,2024-11-26T06:33:53+01:00
2024-11-28,False,2024-11-27T06:34:01+01:00,False,2024-11-27T06:34:01+01:00
2024-11-29,False,2024-11-28T06:33:56+01:00,False,2024-11-28T06:33:56+01:00
2024-11-30,False,2024-11-29T06:33:57+01:00,False,2024-11-29T06:33:57+01:00
2024-12-01,False,2024-11-30T06:33:58+01:00,False,2024-11-30T06:33:58+01:00
2024-12-02,False,2024-12-01T06:34:27+01:00,False,2024-12-01T06:34:27+01:00
2024-12-03,False,2024-12-02T06:33:49+01:00,False,2024-12-02T06:33:49+01:00
2024-12-04,False,2024-12-03T06:33:56+01:00,False,2024-12-03T06:33:56+01:00
2024-12-05,False,2024-12-04T06:33:54+01:00,False,2024-12-04T06:33:54+01:00
2024-12-06,False,2024-12-05T06:33:54+01:00,False,2024-12-05T06:33:54+01:00
2024-12-07,False,2024-12-06T06:34:04+01:00,False,2024-12-06T06:34:04+01:00
2024-12-08,False,2024-12-07T06:34:15+01:00,False,2024-12-07T06:34:15+01:00
2024-12-09,True,2024-12-08T06:19:39+01:00,True,2024-12-08T06:19:39+01:00
2024-12-10,True,2024-12-09T06:19:05+01:00,True,2024-12-09T06:19:05+01:00
2024-12-11,True,2024-12-10T06:19:01+01:00,True,2024-12-10T06:19:01+01:00
2024-12-12,True,2024-12-11T06:18:59+01:00,True,2024-12-11T06:18:59+01:00
2024-12-13,False,2024-12-12T06:33:46+01:00,True,2024-12-12T06:33:46+01:00
2024-12-14,False,2024-12-13T06:33:58+01:00,False,2024-12-13T06:33:58+01:00
2024-12-15,False,2024-12-14T06:34:02+01:00,False,2024-12-14T06:34:02+01:00
2024-12-16,False,2024-12-15T06:33:53+01:00,False,2024-12-15T06:33:53+01:00
2024-12-17,False,2024-12-16T06:34:03+01:00,True,2024-12-16T06:34:03+01:00
2024-12-18,False,2024-12-17T06:33:51+01:00,False,2024-12-17T06:33:51+01:00
2024-12-19,False,2024-12-18T06:33:43+01:00,False,2024-12-18T06:33:43+01:00
2024-12-20,False,2024-12-19T09:34:40+01:00,,
2024-12-21,False,2024-12-20T06:35:43+01:00,False,2024-12-20T06:35:43+01:00
2024-12-22,False,2024-12-21T06:34:04+01:00,False,2024-12-21T06:34:04+01:00
2024-12-23,False,2024-12-22T06:33:52+01:00,False,2024-12-22T06:33:52+01:00
2024-12-24,False,2024-12-23T06:34:00+01:00,False,2024-12-23T06:34:00+01:00
2024-12-25,False,2024-12-24T06:34:02+01:00,False,2024-12-24T06:34:02+01:00
2024-12-26,False,2024-12-25T06:33:57+01:00,False,2024-12-25T06:33:57+01:00
2024-12-27,False,2024-12-26T06:32:21+01:00,False,2024-12-26T06:32:21+01:00
2024-12-28,False,2024-12-27T06:35:05+01:00,False,2024-12-27T06:35:05+01:00
2024-12-29,False,2024-12-28T06:34:47+01:00,False,2024-12-28T06:34:47+01:00
2024-12-30,False,2024-12-29T06:33:58+01:00,False,2024-12-29T06:33:58+01:00
2024-12-31,False,2024-12-30T06:33:48+01:00,False,2024-12-30T06:33:48+01:00
2025-01-01,False,2024-12-31T06:33:45+01:00,False,2024-12-31T06:33:45+01:00
2025-01-02,False,2025-01-01T06:38:58+01:00,False,2025-01-01T06:38:58+01:00
2025-01-03,False,2025-01-02T06:41:30+01:00,False,2025-01-02T06:41:30+01:00
2025-01-04,False,2025-01-03T06:34:03+01:00,False,2025-01-03T06:34:03+01:00
2025-01-05,False,2025-01-04T06:33:54+01:00,False,2025-01-04T06:33:54+01:00
2025-01-06,False,2025-01-05T06:33:57+01:00,False,2025-01-05T06:33:57+01:00
2025-01-07,False,2025-01-06T06:33:54+01:00,False,2025-01-06T06:33:54+01:00
2025-01-08,False,2025-01-07T06:33:56+01:00,False,2025-01-07T06:33:56+01:00
2025-01-09,False,2025-01-08T06:34:01+01:00,False,2025-01-08T06:34:01+01:00
2025-01-10,False,2025-01-09T06:33:50+01:00,False,2025-01-09T06:33:50+01:00
2025-01-11,False,2025-01-10T07:02:29+01:00,False,2025-01-10T07:02:29+01:00
2025-01-12,False,2025-01-11T06:34:02+01:00,False,2025-01-11T06:34:02+01:00
2025-01-13,True,2025-01-12T06:18:50+01:00,True,2025-01-12T06:18:50+01:00
2025-01-14,True,2025-01-13T06:18:54+01:00,True,2025-01-13T06:18:54+01:00
2025-01-15,True,2025-01-14T06:19:04+01:00,True,2025-01-14T06:19:04+01:00
2025-01-16,True,2025-01-15T06:19:03+01:00,True,2025-01-15T06:19:03+01:00
2025-01-17,True,2025-01-16T06:18:52+01:00,True,2025-01-16T06:18:52+01:00
2025-01-18,False,2025-01-17T06:34:06+01:00,False,2025-01-17T06:34:06+01:00
2025-01-19,False,2025-01-18T06:34:13+01:00,False,2025-01-18T06:34:13+01:00
2025-01-20,True,2025-01-19T06:19:24+01:00,True,2025-01-19T06:19:24+01:00
2025-01-21,True,2025-01-20T06:40:27+01:00,True,2025-01-20T06:40:27+01:00
2025-01-22,True,2025-01-21T06:18:53+01:00,True,2025-01-21T06:18:53+01:00
2025-01-23,False,2025-01-22T06:34:05+01:00,False,2025-01-22T06:34:05+01:00
2025-01-24,False,2025-01-23T06:33:56+01:00,False,2025-01-23T06:33:56+01:00
2025-01-25,False,2025-01-24T06:33:52+01:00,False,2025-01-24T06:33:52+01:00
2025-01-26,False,2025-01-25T06:33:54+01:00,False,2025-01-25T06:33:54+01:00
2025-01-27,False,2025-01-26T06:33:40+01:00,False,2025-01-26T06:33:40+01:00
2025-01-28,False,2025-01-27T06:34:14+01:00,False,2025-01-27T06:34:14+01:00
2025-01-29,False,2025-01-28T06:35:44+01:00,False,2025-01-28T06:35:44+01:00
2025-01-30,False,2025-01-29T06:34:50+01:00,False,2025-01-29T06:34:50+01:00
2025-01-31,False,2025-01-30T06:35:23+01:00,False,2025-01-30T06:35:23+01:00
2025-02-01,False,2025-01-31T06:34:42+01:00,False,2025-01-31T06:34:42+01:00
2025-02-02,False,2025-02-01T06:33:05+01:00,False,2025-02-01T06:33:05+01:00
2025-02-03,False,2025-02-02T06:44:06+01:00,False,2025-02-02T06:44:06+01:00
2025-02-04,True,2025-02-03T06:20:36+01:00,True,2025-02-03T06:20:36+01:00
2025-02-05,False,2025-02-04T06:34:22+01:00,False,2025-02-04T06:34:22+01:00
2025-02-06,False,2025-02-05T06:34:08+01:00,False,2025-02-05T06:34:08+01:00
2025-02-07,True,2025-02-06T06:18:57+01:00,True,2025-02-06T06:18:57+01:00
2025-02-08,False,2025-02-07T06:34:03+01:00,False,2025-02-07T06:34:03+01:00
2025-02-09,False,2025-02-08T06:34:33+01:00,False,2025-02-08T06:34:33+01:00
2025-02-10,False,2025-02-09T06:33:29+01:00,False,2025-02-09T06:33:29+01:00
2025-02-11,False,2025-02-10T06:34:43+01:00,False,2025-02-10T06:34:43+01:00
2025-02-12,False,2025-02-11T06:33:53+01:00,False,2025-02-11T06:33:53+01:00
2025-02-13,False,2025-02-12T06:33:55+01:00,False,2025-02-12T06:33:55+01:00
2025-02-14,False,2025-02-13T06:34:09+01:00,False,2025-02-13T06:34:09+01:00
2025-02-15,False,2025-02-14T06:34:03+01:00,False,2025-02-14T06:34:03+01:00
2025-02-16,False,2025-02-15T06:33:18+01:00,False,2025-02-15T06:33:18+01:00
2025-02-17,False,2025-02-16T06:35:22+01:00,False,2025-02-16T06:35:22+01:00
2025-02-18,False,2025-02-17T06:34:10+01:00,False,2025-02-17T06:34:10+01:00
2025-02-19,False,2025-02-18T06:35:00+01:00,False,2025-02-18T06:35:00+01:00
2025-02-20,False,2025-02-19T06:33:50+01:00,False,2025-02-19T06:33:50+01:00
2025-02-21,False,2025-02-20T06:33:40+01:00,False,2025-02-20T06:33:40+01:00
2025-02-22,False,2025-02-21T06:34:01+01:00,False,2025-02-21T06:34:01+01:00
2025-02-23,False,2025-02-22T06:34:04+01:00,False,2025-02-22T06:34:04+01:00
2025-02-24,False,2025-02-23T06:34:14+01:00,False,2025-02-23T06:34:14+01:00
2025-02-25,False,2025-02-24T06:35:02+01:00,False,2025-02-24T06:35:02+01:00
2025-02-26,False,2025-02-25T06:34:02+01:00,False,2025-02-25T06:34:02+01:00
2025-02-27,False,2025-02-26T06:34:27+01:00,False,2025-02-26T06:34:27+01:00
2025-02-28,False,2025-02-27T06:34:48+01:00,False,2025-02-27T06:34:48+01:00
2025-03-01,False,2025-02-28T06:33:48+01:00,False,2025-02-28T06:33:48+01:00
2025-03-02,False,2025-03-01T06:33:55+01:00,False,2025-03-01T06:33:55+01:00
2025-03-03,False,2025-03-02T06:33:57+01:00,False,2025-03-02T06:33:57+01:00
2025-03-04,False,2025-03-03T06:34:36+01:00,False,2025-03-03T06:34:36+01:00
2025-03-05,False,2025-03-04T06:33:58+01:00,False,2025-03-04T06:33:58+01:00
2025-03-06,False,2025-03-05T06:34:37+01:00,False,2025-03-05T06:34:37+01:00
2025-03-07,False,2025-03-06T06:34:29+01:00,False,2025-03-06T06:34:29+01:00
2025-03-08,False,2025-03-07T06:33:54+01:00,False,2025-03-07T06:33:54+01:00
2025-03-09,False,2025-03-08T06:33:54+01:00,False,2025-03-08T06:33:54+01:00
2025-03-10,False,2025-03-09T06:33:52+01:00,False,2025-03-09T06:33:52+01:00
2025-03-11,False,2025-03-10T06:33:48+01:00,False,2025-03-10T06:33:48+01:00
2025-03-12,False,2025-03-11T06:35:17+01:00,False,2025-03-11T06:35:17+01:00
2025-03-13,False,2025-03-12T06:34:50+01:00,False,2025-03-12T06:34:50+01:00
2025-03-14,True,2025-03-13T06:19:18+01:00,True,2025-03-13T06:19:18+01:00
2025-03-15,False,2025-03-14T06:34:07+01:00,False,2025-03-14T06:34:07+01:00
2025-03-16,False,2025-03-15T06:33:48+01:00,False,2025-03-15T06:33:48+01:00
2025-03-17,False,2025-03-16T06:35:11+01:00,False,2025-03-16T06:35:11+01:00
2025-03-18,False,2025-03-17T06:34:00+01:00,False,2025-03-17T06:34:00+01:00
2025-03-19,False,2025-03-18T06:34:58+01:00,False,2025-03-18T06:34:58+01:00
2025-03-20,False,2025-03-19T07:02:27+01:00,False,2025-03-19T07:02:27+01:00
2025-03-21,False,2025-03-20T06:33:41+01:00,False,2025-03-20T06:33:41+01:00
2025-03-22,False,2025-03-21T06:33:58+01:00,False,2025-03-21T06:33:58+01:00
2025-03-23,False,2025-03-22T06:34:29+01:00,False,2025-03-22T06:34:29+01:00
2025-03-24,False,2025-03-23T06:33:41+01:00,False,2025-03-23T06:33:41+01:00
2025-03-25,False,2025-03-24T06:33:52+01:00,False,2025-03-24T06:33:52+01:00
2025-03-26,False,2025-03-25T06:34:40+01:00,False,2025-03-25T06:34:40+01:00
2025-03-27,False,2025-03-26T06:34:15+01:00,False,2025-03-26T06:34:15+01:00
2025-03-28,False,2025-03-27T06:33:26+01:00,False,2025-03-27T06:33:26+01:00
2025-03-29,False,2025-03-28T06:34:06+01:00,False,2025-03-28T06:34:06+01:00
2025-03-30,False,2025-03-29T06:34:45+01:00,False,2025-03-29T06:34:45+01:00
2025-03-31,False,2025-03-30T06:33:54+02:00,False,2025-03-30T06:33:54+02:00
2025-04-01,False,2025-03-31T06:33:40+02:00,False,2025-03-31T06:33:40+02:00
2025-04-02,False,2025-04-01T06:33:41+02:00,False,2025-04-01T06:33:41+02:00
2025-04-03,False,2025-04-02T06:33:43+02:00,False,2025-04-02T06:33:43+02:00
2025-04-04,False,2025-04-03T06:33:45+02:00,False,2025-04-03T06:33:45+02:00
2025-04-05,False,2025-04-04T06:33:52+02:00,False,2025-04-04T06:33:52+02:00
2025-04-06,False,2025-04-05T06:34:59+02:00,False,2025-04-05T06:34:59+02:00
2025-04-07,False,2025-04-06T06:34:40+02:00,False,2025-04-06T06:34:40+02:00
2025-04-08,False,2025-04-07T06:33:36+02:00,False,2025-04-07T06:33:36+02:00
2025-04-09,False,2025-04-08T06:33:47+02:00,False,2025-04-08T06:33:47+02:00
2025-04-10,False,2025-04-09T06:34:06+02:00,False,2025-04-09T06:34:06+02:00
2025-04-11,False,2025-04-10T06:33:55+02:00,False,2025-04-10T06:33:55+02:00
2025-04-12,False,2025-04-11T06:35:17+02:00,False,2025-04-11T06:35:17+02:00
2025-04-13,False,2025-04-12T06:33:17+02:00,False,2025-04-12T06:33:17+02:00
2025-04-14,False,2025-04-13T06:34:34+02:00,False,2025-04-13T06:34:34+02:00
2025-04-15,False,2025-04-14T06:33:55+02:00,False,2025-04-14T06:33:55+02:00
2025-04-16,False,2025-04-15T06:34:19+02:00,False,2025-04-15T06:34:19+02:00
2025-04-17,False,2025-04-16T06:34:18+02:00,False,2025-04-16T06:34:18+02:00
2025-04-18,False,2025-04-17T06:34:59+02:00,False,2025-04-17T06:34:59+02:00
2025-04-19,False,2025-04-18T06:34:24+02:00,False,2025-04-18T06:34:24+02:00
2025-04-20,False,2025-04-19T06:33:45+02:00,False,2025-04-19T06:33:45+02:00
2025-04-21,False,2025-04-20T06:33:31+02:00,False,2025-04-20T06:33:31+02:00
2025-04-22,False,2025-04-21T06:33:39+02:00,False,2025-04-21T06:33:39+02:00
2025-04-23,False,2025-04-22T06:34:42+02:00,False,2025-04-22T06:34:42+02:00
2025-04-24,False,2025-04-23T06:33:43+02:00,False,2025-04-23T06:33:43+02:00
2025-04-25,False,2025-04-24T06:34:15+02:00,False,2025-04-24T06:34:15+02:00
2025-04-26,False,2025-04-25T06:34:27+02:00,False,2025-04-25T06:34:27+02:00
2025-04-27,False,2025-04-26T06:33:32+02:00,False,2025-04-26T06:33:32+02:00
2025-04-28,False,2025-04-27T06:33:36+02:00,False,2025-04-27T06:33:36+02:00
2025-04-29,False,2025-04-28T06:33:44+02:00,False,2025-04-28T06:33:44+02:00
2025-04-30,False,2025-04-29T06:34:02+02:00,False,2025-04-29T06:34:02+02:00
2025-05-01,False,2025-04-30T06:33:35+02:00,False,2025-04-30T06:33:35+02:00
2025-05-02,False,2025-05-01T06:33:52+02:00,False,2025-05-01T06:33:52+02:00
2025-05-03,False,2025-05-02T06:33:33+02:00,False,2025-05-02T06:33:33+02:00
2025-05-04,False,2025-05-03T06:34:04+02:00,False,2025-05-03T06:34:04+02:00
2025-05-05,False,2025-05-04T06:33:37+02:00,False,2025-05-04T06:33:37+02:00
2025-05-06,False,2025-05-05T06:33:55+02:00,False,2025-05-05T06:33:55+02:00
2025-05-07,False,2025-05-06T06:34:12+02:00,False,2025-05-06T06:34:12+02:00
2025-05-08,False,2025-05-07T06:33:55+02:00,False,2025-05-07T06:33:55+02:00
2025-05-09,False,2025-05-08T06:33:41+02:00,False,2025-05-08T06:33:41+02:00
2025-05-10,False,2025-05-09T06:33:27+02:00,False,2025-05-09T06:33:27+02:00
2025-05-11,False,2025-05-10T06:33:26+02:00,False,2025-05-10T06:33:26+02:00
2025-05-12,False,2025-05-11T06:34:54+02:00,False,2025-05-11T06:34:54+02:00
2025-05-13,False,2025-05-12T06:34:48+02:00,False,2025-05-12T06:34:48+02:00
2025-05-14,False,2025-05-13T06:33:15+02:00,False,2025-05-13T06:33:15+02:00
2025-05-15,False,2025-05-14T06:33:38+02:00,False,2025-05-14T06:33:38+02:00
2025-05-16,False,2025-05-15T06:33:27+02:00,False,2025-05-15T06:33:27+02:00
2025-05-17,False,2025-05-16T06:33:31+02:00,False,2025-05-16T06:33:31+02:00
2025-05-18,False,2025-05-17T06:34:00+02:00,False,2025-05-17T06:34:00+02:00
2025-05-19,False,2025-05-18T06:33:34+02:00,False,2025-05-18T06:33:34+02:00
2025-05-20,False,2025-05-19T06:33:42+02:00,False,2025-05-19T06:33:42+02:00
2025-05-21,False,2025-05-20T06:33:41+02:00,False,2025-05-20T06:33:41+02:00
2025-05-22,False,2025-05-21T06:35:11+02:00,False,2025-05-21T06:35:11+02:00
2025-05-23,False,2025-05-22T06:35:03+02:00,False,2025-05-22T06:35:03+02:00
2025-05-24,False,2025-05-23T06:33:43+02:00,False,2025-05-23T06:33:43+02:00
2025-05-25,False,2025-05-24T06:34:46+02:00,False,2025-05-24T06:34:46+02:00
2025-05-26,False,2025-05-25T06:33:06+02:00,False,2025-05-25T06:33:06+02:00
2025-05-27,False,2025-05-26T06:31:36+02:00,False,2025-05-26T06:31:36+02:00
2025-05-28,False,2025-05-27T06:31:43+02:00,False,2025-05-27T06:31:43+02:00
2025-05-29,False,2025-05-28T06:32:38+02:00,False,2025-05-28T06:32:38+02:00
2025-05-30,False,2025-05-29T06:35:55+02:00,False,2025-05-29T06:35:55+02:00
2025-05-31,False,2025-05-30T06:33:30+02:00,False,2025-05-30T06:33:30+02:00
2025-06-01,False,2025-05-31T06:35:04+02:00,False,2025-05-31T06:35:04+02:00
2025-06-02,False,2025-06-01T06:33:59+02:00,False,2025-06-01T06:33:59+02:00
2025-06-03,False,2025-06-02T06:34:38+02:00,False,2025-06-02T06:34:38+02:00
2025-06-04,False,2025-06-03T06:33:30+02:00,False,2025-06-03T06:33:30+02:00
2025-06-05,False,2025-06-04T06:33:33+02:00,False,2025-06-04T06:33:33+02:00
2025-06-06,False,2025-06-05T06:34:10+02:00,False,2025-06-05T06:34:10+02:00
2025-06-07,False,2025-06-06T06:33:32+02:00,False,2025-06-06T06:33:32+02:00
2025-06-08,False,2025-06-07T06:35:09+02:00,False,2025-06-07T06:35:09+02:00
2025-06-09,False,2025-06-08T06:33:18+02:00,False,2025-06-08T06:33:18+02:00
2025-06-10,False,2025-06-09T06:34:23+02:00,False,2025-06-09T06:34:23+02:00
2025-06-11,False,2025-06-10T06:33:46+02:00,False,2025-06-10T06:33:46+02:00
2025-06-12,False,2025-06-11T06:33:35+02:00,False,2025-06-11T06:33:35+02:00
2025-06-13,False,2025-06-12T06:33:46+02:00,False,2025-06-12T06:33:46+02:00
2025-06-14,False,2025-06-13T06:33:33+02:00,False,2025-06-13T06:33:33+02:00
2025-06-15,False,2025-06-14T06:35:00+02:00,False,2025-06-14T06:35:00+02:00
2025-06-16,False,2025-06-15T06:33:29+02:00,False,2025-06-15T06:33:29+02:00
2025-06-17,False,2025-06-16T06:33:10+02:00,False,2025-06-16T06:33:10+02:00
2025-06-18,False,2025-06-17T06:33:26+02:00,False,2025-06-17T06:33:26+02:00
2025-06-19,False,2025-06-18T06:33:27+02:00,False,2025-06-18T06:33:27+02:00
2025-06-20,False,2025-06-19T06:35:21+02:00,False,2025-06-19T06:35:21+02:00
2025-06-21,False,2025-06-20T06:34:31+02:00,False,2025-06-20T06:34:31+02:00
2025-06-22,False,2025-06-21T06:34:48+02:00,False,2025-06-21T06:34:48+02:00
2025-06-23,False,2025-06-22T06:33:43+02:00,False,2025-06-22T06:33:43+02:00
2025-06-24,False,2025-06-23T06:33:28+02:00,False,2025-06-23T06:33:28+02:00
2025-06-25,False,2025-06-24T06:33:40+02:00,False,2025-06-24T06:33:40+02:00
2025-06-26,False,2025-06-25T06:35:12+02:00,False,2025-06-25T06:35:12+02:00
2025-06-27,False,2025-06-26T06:34:59+02:00,False,2025-06-26T06:34:59+02:00
2025-06-28,False,2025-06-27T06:35:18+02:00,False,2025-06-27T06:35:18+02:00
2025-06-29,False,2025-06-28T06:33:41+02:00,False,2025-06-28T06:33:41+02:00
2025-06-30,False,2025-06-29T06:33:29+02:00,False,2025-06-29T06:33:29+02:00
2025-07-01,False,2025-06-30T06:33:33+02:00,False,2025-06-30T06:33:33+02:00
2025-07-02,False,2025-07-01T06:34:36+02:00,False,2025-07-01T06:34:36+02:00
2025-07-03,False,2025-07-02T06:34:14+02:00,False,2025-07-02T06:34:14+02:00
2025-07-04,False,2025-07-03T06:33:43+02:00,False,2025-07-03T06:33:43+02:00
2025-07-05,False,2025-07-04T06:33:31+02:00,False,2025-07-04T06:33:31+02:00
2025-07-06,False,2025-07-05T06:33:44+02:00,False,2025-07-05T06:33:44+02:00
2025-07-07,False,2025-07-06T06:34:40+02:00,False,2025-07-06T06:34:40+02:00
2025-07-08,False,2025-07-07T06:35:05+02:00,False,2025-07-07T06:35:05+02:00
2025-07-09,False,2025-07-08T06:34:59+02:00,False,2025-07-08T06:34:59+02:00
2025-07-10,False,2025-07-09T06:34:34+02:00,False,2025-07-09T06:34:34+02:00
2025-07-11,False,2025-07-10T06:34:48+02:00,False,2025-07-10T06:34:48+02:00
2025-07-12,False,2025-07-11T06:35:00+02:00,,
2025-07-13,False,2025-07-12T06:34:42+02:00,False,2025-07-12T06:34:42+02:00
2025-07-14,False,2025-07-13T06:34:17+02:00,False,2025-07-13T06:34:17+02:00
2025-07-15,False,2025-07-14T06:34:38+02:00,False,2025-07-14T06:34:38+02:00
2025-07-16,False,2025-07-15T06:34:25+02:00,False,2025-07-15T06:34:25+02:00
2025-07-17,False,2025-07-16T06:33:38+02:00,False,2025-07-16T06:33:38+02:00
2025-07-18,False,2025-07-17T06:33:21+02:00,False,2025-07-17T06:33:21+02:00
2025-07-19,False,2025-07-18T06:33:35+02:00,False,2025-07-18T06:33:35+02:00
2025-07-20,False,2025-07-19T06:33:30+02:00,,
2025-07-21,False,2025-07-20T06:34:31+02:00,False,2025-07-20T06:34:31+02:00
2025-07-22,False,2025-07-21T06:33:28+02:00,False,2025-07-21T06:33:28+02:00
2025-07-23,False,2025-07-22T06:33:36+02:00,False,2025-07-22T06:33:36+02:00
2025-07-24,False,2025-07-23T06:33:25+02:00,False,2025-07-23T06:33:25+02:00
2025-07-25,False,2025-07-24T06:33:28+02:00,False,2025-07-24T06:33:28+02:00
2025-07-26,False,2025-07-25T06:35:02+02:00,False,2025-07-25T06:35:02+02:00
2025-07-27,False,2025-07-26T06:33:19+02:00,False,2025-07-26T06:33:19+02:00
2025-07-28,False,2025-07-27T06:33:39+02:00,False,2025-07-27T06:33:39+02:00
2025-07-29,False,2025-07-28T06:34:58+02:00,False,2025-07-28T06:34:58+02:00
2025-07-30,False,2025-07-29T06:33:30+02:00,False,2025-07-29T06:33:30+02:00
2025-07-31,False,2025-07-30T06:33:30+02:00,False,2025-07-30T06:33:30+02:00
2025-08-01,False,2025-07-31T06:33:41+02:00,False,2025-07-31T06:33:41+02:00
2025-08-02,False,2025-08-01T06:34:34+02:00,False,2025-08-01T06:34:34+02:00
2025-08-03,False,2025-08-02T06:33:29+02:00,False,2025-08-02T06:33:29+02:00
2025-08-04,False,2025-08-03T06:34:01+02:00,False,2025-08-03T06:34:01+02:00
2025-08-05,False,2025-08-04T06:33:24+02:00,False,2025-08-04T06:33:24+02:00
2025-08-06,False,2025-08-05T06:33:35+02:00,,
2025-08-07,False,2025-08-06T06:33:49+02:00,False,2025-08-06T06:33:49+02:00
2025-08-08,False,2025-08-07T06:33:22+02:00,False,2025-08-07T06:33:22+02:00
2025-08-09,False,2025-08-08T06:34:01+02:00,False,2025-08-08T06:34:01+02:00
2025-08-10,False,2025-08-09T06:34:30+02:00,False,2025-08-09T06:34:30+02:00
2025-08-11,False,2025-08-10T06:33:32+02:00,False,2025-08-10T06:33:32+02:00
2025-08-12,False,2025-08-11T06:34:40+02:00,False,2025-08-11T06:34:40+02:00
2025-08-13,False,2025-08-12T06:34:28+02:00,False,2025-08-12T06:34:28+02:00
2025-08-14,False,2025-08-13T06:33:24+02:00,False,2025-08-13T06:33:24+02:00
2025-08-15,False,2025-08-14T06:34:44+02:00,False,2025-08-14T06:34:44+02:00
2025-08-16,False,2025-08-15T06:33:31+02:00,False,2025-08-15T06:33:31+02:00
2025-08-18,False,2025-08-17T06:33:32+02:00,False,2025-08-17T06:33:32+02:00
2025-08-19,False,2025-08-18T06:33:40+02:00,False,2025-08-18T06:33:40+02:00
2025-08-20,False,2025-08-19T06:33:26+02:00,False,2025-08-19T06:33:26+02:00
2025-08-21,False,2025-08-20T06:33:41+02:00,False,2025-08-20T06:33:41+02:00
2025-08-22,False,2025-08-21T06:33:21+02:00,False,2025-08-21T06:33:21+02:00
2025-08-23,False,2025-08-22T06:33:25+02:00,False,2025-08-22T06:33:25+02:00
2025-08-24,False,2025-08-23T06:34:34+02:00,False,2025-08-23T06:34:34+02:00
2025-08-25,False,2025-08-24T06:34:44+02:00,False,2025-08-24T06:34:44+02:00
2025-08-26,False,2025-08-25T06:33:40+02:00,False,2025-08-25T06:33:40+02:00
2025-08-27,False,2025-08-26T06:33:21+02:00,,
2025-08-28,False,2025-08-27T06:33:36+02:00,False,2025-08-27T06:33:36+02:00
2025-08-29,False,2025-08-28T06:33:24+02:00,False,2025-08-28T06:33:24+02:00
2025-08-30,False,2025-08-29T06:33:32+02:00,False,2025-08-29T06:33:32+02:00
2025-08-31,False,2025-08-30T06:33:31+02:00,False,2025-08-30T06:33:31+02:00
2025-09-01,False,2025-08-31T06:34:15+02:00,,
2025-09-02,False,2025-09-01T06:33:36+02:00,False,2025-09-01T06:33:36+02:00
2025-09-03,False,2025-09-02T06:34:35+02:00,False,2025-09-02T06:34:35+02:00
2025-09-04,False,2025-09-03T06:33:59+02:00,False,2025-09-03T06:33:59+02:00
2025-09-05,False,2025-09-04T06:34:44+02:00,False,2025-09-04T06:34:44+02:00
2025-09-06,False,2025-09-05T06:33:20+02:00,False,2025-09-05T06:33:20+02:00
2025-09-07,False,2025-09-06T06:34:47+02:00,False,2025-09-06T06:34:47+02:00
2025-09-08,False,2025-09-07T06:33:34+02:00,False,2025-09-07T06:33:34+02:00
2025-09-09,False,2025-09-08T06:34:43+02:00,False,2025-09-08T06:34:43+02:00
2025-09-10,False,2025-09-09T06:33:20+02:00,False,2025-09-09T06:33:20+02:00
2025-09-11,False,2025-09-10T06:33:25+02:00,False,2025-09-10T06:33:25+02:00
2025-09-12,False,2025-09-11T06:33:32+02:00,False,2025-09-11T06:33:32+02:00
2025-09-13,False,2025-09-12T06:35:00+02:00,False,2025-09-12T06:35:00+02:00
2025-09-14,False,2025-09-13T06:33:24+02:00,False,2025-09-13T06:33:24+02:00
2025-09-15,False,2025-09-14T06:33:24+02:00,False,2025-09-14T06:33:24+02:00
2025-09-16,False,2025-09-15T06:33:47+02:00,False,2025-09-15T06:33:47+02:00
2025-09-17,False,2025-09-16T06:33:35+02:00,False,2025-09-16T06:33:35+02:00
2025-09-18,False,2025-09-17T06:34:53+02:00,False,2025-09-17T06:34:53+02:00
2025-09-19,False,2025-09-18T06:34:49+02:00,False,2025-09-18T06:34:49+02:00
2025-09-20,False,2025-09-19T06:33:20+02:00,False,2025-09-19T06:33:20+02:00
2025-09-21,False,2025-09-20T06:33:31+02:00,False,2025-09-20T06:33:31+02:00
2025-09-22,False,2025-09-21T06:33:35+02:00,False,2025-09-21T06:33:35+02:00
2025-09-23,False,2025-09-22T06:33:26+02:00,False,2025-09-22T06:33:26+02:00
2025-09-24,False,2025-09-23T06:33:29+02:00,False,2025-09-23T06:33:29+02:00
2025-09-25,False,2025-09-24T06:54:10+02:00,False,2025-09-24T06:54:10+02:00
2025-09-26,False,2025-09-25T06:33:07+02:00,False,2025-09-25T06:33:07+02:00
2025-09-27,False,2025-09-26T06:33:43+02:00,False,2025-09-26T06:33:43+02:00
2025-09-28,False,2025-09-27T06:33:17+02:00,False,2025-09-27T06:33:17+02:00
2025-09-29,False,2025-09-28T06:33:35+02:00,False,2025-09-28T06:33:35+02:00
2025-09-30,False,2025-09-29T06:33:17+02:00,False,2025-09-29T06:33:17+02:00
2025-10-01,False,2025-09-30T06:33:24+02:00,False,2025-09-30T06:33:24+02:00
2025-10-02,False,2025-10-01T06:34:33+02:00,False,2025-10-01T06:34:33+02:00
2025-10-03,False,2025-10-02T06:33:48+02:00,False,2025-10-02T06:33:48+02:00
2025-10-04,False,2025-10-03T06:33:42+02:00,False,2025-10-03T06:33:42+02:00
2025-10-05,False,2025-10-04T06:34:49+02:00,False,2025-10-04T06:34:49+02:00
2025-10-06,False,2025-10-05T06:34:33+02:00,False,2025-10-05T06:34:33+02:00
2025-10-07,False,2025-10-06T06:33:12+02:00,False,2025-10-06T06:33:12+02:00
2025-10-08,False,2025-10-07T06:33:31+02:00,False,2025-10-07T06:33:31+02:00
2025-10-09,False,2025-10-08T06:34:48+02:00,False,2025-10-08T06:34:48+02:00
2025-10-10,False,2025-10-09T06:33:25+02:00,,
2025-10-11,False,2025-10-10T06:32:55+02:00,False,2025-10-10T06:32:55+02:00
2025-10-12,False,2025-10-11T06:34:47+02:00,False,2025-10-11T06:34:47+02:00
2025-10-13,False,2025-10-12T06:35:46+02:00,False,2025-10-12T06:35:46+02:00
2025-10-14,False,2025-10-13T06:35:31+02:00,False,2025-10-13T06:35:31+02:00
2025-10-15,False,2025-10-14T06:36:18+02:00,False,2025-10-14T06:36:18+02:00
2025-10-16,False,2025-10-15T06:34:43+02:00,False,2025-10-15T06:34:43+02:00
2025-10-17,False,2025-10-16T06:33:10+02:00,False,2025-10-16T06:33:10+02:00
2025-10-18,False,2025-10-17T06:33:21+02:00,False,2025-10-17T06:33:21+02:00
2025-10-19,False,2025-10-18T06:35:05+02:00,False,2025-10-18T06:35:05+02:00
2025-10-20,False,2025-10-19T06:33:51+02:00,False,2025-10-19T06:33:51+02:00
2025-10-21,False,2025-10-20T06:35:02+02:00,False,2025-10-20T06:35:02+02:00
2025-10-22,False,2025-10-21T06:35:21+02:00,False,2025-10-21T06:35:21+02:00
2025-10-23,False,2025-10-22T06:34:09+02:00,False,2025-10-22T06:34:09+02:00
2025-10-24,False,2025-10-23T06:33:22+02:00,False,2025-10-23T06:33:22+02:00
2025-10-25,False,2025-10-24T06:33:25+02:00,False,2025-10-24T06:33:25+02:00
2025-10-26,False,2025-10-25T06:34:34+02:00,False,2025-10-25T06:34:34+02:00
2025-10-27,False,2025-10-26T06:34:36+01:00,False,2025-10-26T06:34:36+01:00
2025-10-28,False,2025-10-27T06:33:35+01:00,False,2025-10-27T06:33:35+01:00
2025-10-29,False,2025-10-28T06:35:00+01:00,False,2025-10-28T06:35:00+01:00
2025-10-30,False,2025-10-29T06:35:06+01:00,False,2025-10-29T06:35:06+01:00
2025-10-31,False,2025-10-30T06:33:38+01:00,False,2025-10-30T06:33:38+01:00
2025-11-01,False,2025-10-31T06:33:30+01:00,False,2025-10-31T06:33:30+01:00
2025-11-02,False,2025-11-01T06:33:27+01:00,False,2025-11-01T06:33:27+01:00
2025-11-03,False,2025-11-02T06:33:26+01:00,False,2025-11-02T06:33:26+01:00
2025-11-04,False,2025-11-03T06:33:26+01:00,False,2025-11-03T06:33:26+01:00
2025-11-05,False,2025-11-04T06:34:55+01:00,False,2025-11-04T06:34:55+01:00
2025-11-06,False,2025-11-05T12:50:06+01:00,False,2025-11-05T12:50:06+01:00
2025-11-07,False,2025-11-06T06:33:42+01:00,False,2025-11-06T06:33:42+01:00
2025-11-08,False,2025-11-07T06:33:59+01:00,False,2025-11-07T06:33:59+01:00
2025-11-09,False,2025-11-08T06:34:18+01:00,False,2025-11-08T06:34:18+01:00
2025-11-10,False,2025-11-09T06:33:38+01:00,False,2025-11-09T06:33:38+01:00
2025-11-11,False,2025-11-10T06:33:22+01:00,False,2025-11-10T06:33:22+01:00
2025-11-12,False,2025-11-11T06:33:24+01:00,False,2025-11-11T06:33:24+01:00
2025-11-13,False,2025-11-12T06:33:34+01:00,False,2025-11-12T06:33:34+01:00
2025-11-14,False,2025-11-13T06:33:29+01:00,False,2025-11-13T06:33:29+01:00
2025-11-15,False,2025-11-14T06:33:33+01:00,False,2025-11-14T06:33:33+01:00
2025-11-16,False,2025-11-15T06:33:21+01:00,False,2025-11-15T06:33:21+01:00
2025-11-17,False,2025-11-16T06:33:23+01:00,False,2025-11-16T06:33:23+01:00
2025-11-18,False,2025-11-17T06:33:08+01:00,False,2025-11-17T06:33:08+01:00
2025-11-19,False,2025-11-18T06:35:27+01:00,False,2025-11-18T06:35:27+01:00
2025-11-20,False,2025-11-19T06:34:46+01:00,False,2025-11-19T06:34:46+01:00
2025-11-21,False,2025-11-20T06:34:41+01:00,False,2025-11-20T06:34:41+01:00
2025-11-22,False,2025-11-21T06:34:21+01:00,False,2025-11-21T06:34:21+01:00
2025-11-23,False,2025-11-22T06:33:22+01:00,False,2025-11-22T06:33:22+01:00
2025-11-24,False,2025-11-23T06:33:16+01:00,False,2025-11-23T06:33:16+01:00
2025-11-25,False,2025-11-24T06:33:17+01:00,False,2025-11-24T06:33:17+01:00
2025-11-26,False,2025-11-25T06:32:32+01:00,False,2025-11-25T06:32:32+01:00
2025-11-27,False,2025-11-26T06:34:19+01:00,True,2025-11-26T06:34:19+01:00
2025-11-28,False,2025-11-27T06:34:24+01:00,False,2025-11-27T06:34:24+01:00
2025-11-29,False,2025-11-28T06:34:09+01:00,False,2025-11-28T06:34:09+01:00
2025-11-30,False,2025-11-29T06:34:00+01:00,False,2025-11-29T06:34:00+01:00
2025-12-01,False,2025-11-30T06:34:06+01:00,False,2025-11-30T06:34:06+01:00
2025-12-03,False,2025-12-02T06:34:02+01:00,False,2025-12-02T06:34:02+01:00
2025-12-04,False,2025-12-03T06:34:05+01:00,False,2025-12-03T06:34:05+01:00
2025-12-05,False,2025-12-04T06:33:01+01:00,False,2025-12-04T06:33:01+01:00
2025-12-06,False,2025-12-05T06:32:23+01:00,False,2025-12-05T06:32:23+01:00
2025-12-07,False,2025-12-06T06:32:59+01:00,False,2025-12-06T06:32:59+01:00
2025-12-08,False,2025-12-07T06:32:31+01:00,False,2025-12-07T06:32:31+01:00
2025-12-09,False,2025-12-08T06:32:27+01:00,False,2025-12-08T06:32:27+01:00
2025-12-10,False,2025-12-09T06:32:27+01:00,False,2025-12-09T06:32:27+01:00
2025-12-11,False,2025-12-10T06:33:34+01:00,False,2025-12-10T06:33:34+01:00
2025-12-12,False,2025-12-11T06:32:37+01:00,False,2025-12-11T06:32:37+01:00
2025-12-13,False,2025-12-12T06:34:09+01:00,False,2025-12-12T06:34:09+01:00
2025-12-14,False,2025-12-13T06:33:13+01:00,False,2025-12-13T06:33:13+01:00
2025-12-15,False,2025-12-14T06:32:32+01:00,False,2025-12-14T06:32:32+01:00
2025-12-16,True,2025-12-15T06:17:19+01:00,True,2025-12-15T06:17:19+01:00
2025-12-17,True,2025-12-16T06:20:11+01:00,True,2025-12-16T06:20:11+01:00
2025-12-18,True,2025-12-17T06:17:23+01:00,True,2025-12-17T06:17:23+01:00
2025-12-19,True,2025-12-18T06:17:26+01:00,True,2025-12-18T06:17:26+01:00
2025-12-20,False,2025-12-19T06:32:25+01:00,False,2025-12-19T06:32:25+01:00
2025-12-21,False,2025-12-20T06:32:19+01:00,False,2025-12-20T06:32:19+01:00
2025-12-22,False,2025-12-21T06:34:55+01:00,False,2025-12-21T06:34:55+01:00
2025-12-23,False,2025-12-22T09:32:34+01:00,,
2025-12-24,False,2025-12-23T06:32:28+01:00,False,2025-12-23T06:32:28+01:00
2025-12-25,False,2025-12-24T06:34:50+01:00,False,2025-12-24T06:34:50+01:00
2025-12-26,False,2025-12-25T06:34:25+01:00,False,2025-12-25T06:34:25+01:00
2025-12-27,False,2025-12-26T06:32:38+01:00,False,2025-12-26T06:32:38+01:00
2025-12-28,False,2025-12-27T06:34:41+01:00,False,2025-12-27T06:34:41+01:00
2025-12-29,False,2025-12-28T06:33:42+01:00,False,2025-12-28T06:33:42+01:00
2025-12-30,False,2025-12-29T06:32:30+01:00,False,2025-12-29T06:32:30+01:00
2025-12-31,False,2025-12-30T06:32:27+01:00,False,2025-12-30T06:32:27+01:00
2026-01-01,False,2025-12-31T06:32:18+01:00,False,2025-12-31T06:32:18+01:00
2026-01-02,False,2026-01-01T06:34:49+01:00,False,2026-01-01T06:34:49+01:00
2026-01-03,False,2026-01-02T06:35:05+01:00,False,2026-01-02T06:35:05+01:00
2026-01-04,False,2026-01-03T06:34:33+01:00,False,2026-01-03T06:34:33+01:00
2026-01-05,True,2026-01-04T06:19:52+01:00,True,2026-01-04T06:19:52+01:00
2026-01-06,True,2026-01-05T06:19:42+01:00,True,2026-01-05T06:19:42+01:00
2026-01-07,True,2026-01-06T06:17:11+01:00,True,2026-01-06T06:17:11+01:00
2026-01-08,True,2026-01-07T06:19:35+01:00,True,2026-01-07T06:19:35+01:00
2026-01-09,True,2026-01-08T06:17:20+01:00,True,2026-01-08T06:17:20+01:00
2026-01-10,False,2026-01-09T06:34:48+01:00,False,2026-01-09T06:34:48+01:00
2026-01-11,False,2026-01-10T09:30:50+01:00,False,2026-01-10T09:30:50+01:00
2026-01-12,False,2026-01-11T06:32:09+01:00,False,2026-01-11T06:32:09+01:00
2026-01-13,False,2026-01-12T06:32:32+01:00,False,2026-01-12T06:32:32+01:00
2026-01-14,False,2026-01-13T06:32:18+01:00,False,2026-01-13T06:32:18+01:00
2026-01-15,False,2026-01-14T06:34:00+01:00,False,2026-01-14T06:34:00+01:00
2026-01-16,False,2026-01-15T06:32:32+01:00,False,2026-01-15T06:32:32+01:00
2026-01-17,False,2026-01-16T06:32:30+01:00,False,2026-01-16T06:32:30+01:00
2026-01-18,False,2026-01-17T06:32:31+01:00,False,2026-01-17T06:32:31+01:00
2026-01-19,False,2026-01-18T06:35:01+01:00,False,2026-01-18T06:35:01+01:00
2026-01-20,False,2026-01-19T06:32:07+01:00,False,2026-01-19T06:32:07+01:00
2026-01-21,False,2026-01-20T06:34:54+01:00,False,2026-01-20T06:34:54+01:00
2026-01-22,False,2026-01-21T06:32:30+01:00,False,2026-01-21T06:32:30+01:00
2026-01-23,False,2026-01-22T06:34:38+01:00,False,2026-01-22T06:34:38+01:00
2026-01-24,False,2026-01-23T06:34:38+01:00,False,2026-01-23T06:34:38+01:00
2026-01-25,False,2026-01-24T06:32:18+01:00,False,2026-01-24T06:32:18+01:00
2026-01-26,False,2026-01-25T06:32:19+01:00,False,2026-01-25T06:32:19+01:00
2026-01-27,False,2026-01-26T06:35:01+01:00,False,2026-01-26T06:35:01+01:00
2026-01-28,False,2026-01-27T06:32:27+01:00,False,2026-01-27T06:32:27+01:00
2026-01-29,False,2026-01-28T06:33:08+01:00,False,2026-01-28T06:33:08+01:00
2026-01-30,False,2026-01-29T06:33:00+01:00,False,2026-01-29T06:33:00+01:00
2026-01-31,False,2026-01-30T06:32:57+01:00,False,2026-01-30T06:32:57+01:00
2026-02-02,False,2026-02-01T06:32:55+01:00,False,2026-02-01T06:32:55+01:00
2026-02-03,False,2026-02-02T06:35:18+01:00,False,2026-02-02T06:35:18+01:00
2026-02-04,False,2026-02-03T06:34:13+01:00,False,2026-02-03T06:34:13+01:00
2026-02-05,False,2026-02-04T08:15:23+01:00,False,2026-02-04T08:15:23+01:00
2026-02-06,False,2026-02-05T06:32:56+01:00,False,2026-02-05T06:32:56+01:00
2026-02-08,False,2026-02-07T06:33:04+01:00,False,2026-02-07T06:33:04+01:00
2026-02-09,False,2026-02-08T06:32:51+01:00,False,2026-02-08T06:32:51+01:00
2026-02-10,False,2026-02-09T06:33:41+01:00,False,2026-02-09T06:33:41+01:00
2026-02-11,False,2026-02-10T06:33:14+01:00,False,2026-02-10T06:33:14+01:00
